fecha,estacion,nombre_estacion,provincia,cultivo,fase,superficie_m2,eficiencia_riego,lluvia_efectiva_ratio,et0_mm,lluvia_mm,tmin_c,tmax_c,tmedia_c,kc,marco_m2_por_planta,etc_mm,riego_bruto_mm,litros_totales,litros_por_planta,ranking_demanda
2024-01-01,5783,SEVILLA AEROPUERTO,SEVILLA,olivar,media,3500.0,0.9,0.8,1.33,0.0,7.4,16.8,12.1,0.7,8.0,0.93,1.03,3614.04,8.26,1
2024-01-01,5783,SEVILLA AEROPUERTO,SEVILLA,citricos,media,3500.0,0.9,0.8,1.33,0.0,7.4,16.8,12.1,0.75,20.0,1.0,1.11,3872.18,22.13,2
2024-01-01,5783,SEVILLA AEROPUERTO,SEVILLA,almendro,media,3500.0,0.9,0.8,1.33,0.0,7.4,16.8,12.1,0.9,30.0,1.19,1.33,4646.62,39.83,3
2024-01-02,5783,SEVILLA AEROPUERTO,SEVILLA,olivar,media,3500.0,0.9,0.8,1.56,0.0,5.9,18.6,12.2,0.7,8.0,1.09,1.21,4236.95,9.68,1
2024-01-02,5783,SEVILLA AEROPUERTO,SEVILLA,citricos,media,3500.0,0.9,0.8,1.56,0.0,5.9,18.6,12.2,0.75,20.0,1.17,1.3,4539.58,25.94,2
2024-01-02,5783,SEVILLA AEROPUERTO,SEVILLA,almendro,media,3500.0,0.9,0.8,1.56,0.0,5.9,18.6,12.2,0.9,30.0,1.4,1.56,5447.5,46.69,3
2024-01-03,5783,SEVILLA AEROPUERTO,SEVILLA,olivar,media,3500.0,0.9,0.8,1.53,2.3,4.9,17.8,11.4,0.7,8.0,1.07,0.0,0.0,0.0,1
2024-01-03,5783,SEVILLA AEROPUERTO,SEVILLA,citricos,media,3500.0,0.9,0.8,1.53,2.3,4.9,17.8,11.4,0.75,20.0,1.15,0.0,0.0,0.0,2
2024-01-03,5783,SEVILLA AEROPUERTO,SEVILLA,almendro,media,3500.0,0.9,0.8,1.53,2.3,4.9,17.8,11.4,0.9,30.0,1.37,0.0,0.0,0.0,3
2024-01-04,5783,SEVILLA AEROPUERTO,SEVILLA,olivar,media,3500.0,0.9,0.8,1.13,7.9,11.6,17.3,14.4,0.7,8.0,0.79,0.0,0.0,0.0,1
2024-01-04,5783,SEVILLA AEROPUERTO,SEVILLA,citricos,media,3500.0,0.9,0.8,1.13,7.9,11.6,17.3,14.4,0.75,20.0,0.85,0.0,0.0,0.0,2
2024-01-04,5783,SEVILLA AEROPUERTO,SEVILLA,almendro,media,3500.0,0.9,0.8,1.13,7.9,11.6,17.3,14.4,0.9,30.0,1.02,0.0,0.0,0.0,3
2024-01-05,5783,SEVILLA AEROPUERTO,SEVILLA,olivar,media,3500.0,0.9,0.8,1.17,0.0,6.5,14.4,10.4,0.7,8.0,0.82,0.91,3180.43,7.27,1
2024-01-05,5783,SEVILLA AEROPUERTO,SEVILLA,citricos,media,3500.0,0.9,0.8,1.17,0.0,6.5,14.4,10.4,0.75,20.0,0.88,0.97,3407.6,19.47,2
2024-01-05,5783,SEVILLA AEROPUERTO,SEVILLA,almendro,media,3500.0,0.9,0.8,1.17,0.0,6.5,14.4,10.4,0.9,30.0,1.05,1.17,4089.12,35.05,3
2024-01-06,5783,SEVILLA AEROPUERTO,SEVILLA,olivar,media,3500.0,0.9,0.8,1.07,0.0,3.0,11.4,7.2,0.7,8.0,0.75,0.83,2915.69,6.66,1
2024-01-06,5783,SEVILLA AEROPUERTO,SEVILLA,citricos,media,3500.0,0.9,0.8,1.07,0.0,3.0,11.4,7.2,0.75,20.0,0.8,0.89,3123.96,17.85,2
2024-01-06,5783,SEVILLA AEROPUERTO,SEVILLA,almendro,media,3500.0,0.9,0.8,1.07,0.0,3.0,11.4,7.2,0.9,30.0,0.96,1.07,3748.75,32.13,3
2024-01-07,5783,SEVILLA AEROPUERTO,SEVILLA,olivar,media,3500.0,0.9,0.8,1.35,0.0,1.0,13.9,7.4,0.7,8.0,0.94,1.05,3667.22,8.38,1
2024-01-07,5783,SEVILLA AEROPUERTO,SEVILLA,citricos,media,3500.0,0.9,0.8,1.35,0.0,1.0,13.9,7.4,0.75,20.0,1.01,1.12,3929.17,22.45,2
2024-01-07,5783,SEVILLA AEROPUERTO,SEVILLA,almendro,media,3500.0,0.9,0.8,1.35,0.0,1.0,13.9,7.4,0.9,30.0,1.21,1.35,4715.0,40.41,3
2024-01-08,5783,SEVILLA AEROPUERTO,SEVILLA,olivar,media,3500.0,0.9,0.8,1.26,2.4,1.1,12.8,7.0,0.7,8.0,0.88,0.0,0.0,0.0,1
2024-01-08,5783,SEVILLA AEROPUERTO,SEVILLA,citricos,media,3500.0,0.9,0.8,1.26,2.4,1.1,12.8,7.0,0.75,20.0,0.95,0.0,0.0,0.0,2
2024-01-08,5783,SEVILLA AEROPUERTO,SEVILLA,almendro,media,3500.0,0.9,0.8,1.26,2.4,1.1,12.8,7.0,0.9,30.0,1.14,0.0,0.0,0.0,3
2024-01-09,5783,SEVILLA AEROPUERTO,SEVILLA,olivar,media,3500.0,0.9,0.8,0.67,0.9,7.4,10.2,8.8,0.7,8.0,0.47,0.0,0.0,0.0,1
2024-01-09,5783,SEVILLA AEROPUERTO,SEVILLA,citricos,media,3500.0,0.9,0.8,0.67,0.9,7.4,10.2,8.8,0.75,20.0,0.5,0.0,0.0,0.0,2
2024-01-09,5783,SEVILLA AEROPUERTO,SEVILLA,almendro,media,3500.0,0.9,0.8,0.67,0.9,7.4,10.2,8.8,0.9,30.0,0.6,0.0,0.0,0.0,3
2024-01-10,5783,SEVILLA AEROPUERTO,SEVILLA,olivar,media,3500.0,0.9,0.8,1.18,0.1,6.6,14.3,10.4,0.7,8.0,0.83,0.83,2910.24,6.65,1
2024-01-10,5783,SEVILLA AEROPUERTO,SEVILLA,citricos,media,3500.0,0.9,0.8,1.18,0.1,6.6,14.3,10.4,0.75,20.0,0.89,0.9,3140.34,17.94,2
2024-01-10,5783,SEVILLA AEROPUERTO,SEVILLA,almendro,media,3500.0,0.9,0.8,1.18,0.1,6.6,14.3,10.4,0.9,30.0,1.07,1.09,3830.63,32.83,3
2024-01-11,5783,SEVILLA AEROPUERTO,SEVILLA,olivar,media,3500.0,0.9,0.8,1.34,0.0,3.8,14.5,9.2,0.7,8.0,0.94,1.04,3643.85,8.33,1
2024-01-11,5783,SEVILLA AEROPUERTO,SEVILLA,citricos,media,3500.0,0.9,0.8,1.34,0.0,3.8,14.5,9.2,0.75,20.0,1.0,1.12,3904.13,22.31,2
2024-01-11,5783,SEVILLA AEROPUERTO,SEVILLA,almendro,media,3500.0,0.9,0.8,1.34,0.0,3.8,14.5,9.2,0.9,30.0,1.2,1.34,4684.95,40.16,3
2024-01-12,5783,SEVILLA AEROPUERTO,SEVILLA,olivar,media,3500.0,0.9,0.8,1.67,0.0,5.6,18.9,12.2,0.7,8.0,1.17,1.3,4557.36,10.42,1
2024-01-12,5783,SEVILLA AEROPUERTO,SEVILLA,citricos,media,3500.0,0.9,0.8,1.67,0.0,5.6,18.9,12.2,0.75,20.0,1.26,1.4,4882.89,27.9,2
2024-01-12,5783,SEVILLA AEROPUERTO,SEVILLA,almendro,media,3500.0,0.9,0.8,1.67,0.0,5.6,18.9,12.2,0.9,30.0,1.51,1.67,5859.47,50.22,3
2024-01-13,5783,SEVILLA AEROPUERTO,SEVILLA,olivar,media,3500.0,0.9,0.8,1.19,0.0,8.5,15.3,11.9,0.7,8.0,0.83,0.93,3241.03,7.41,1
2024-01-13,5783,SEVILLA AEROPUERTO,SEVILLA,citricos,media,3500.0,0.9,0.8,1.19,0.0,8.5,15.3,11.9,0.75,20.0,0.89,0.99,3472.53,19.84,2
2024-01-13,5783,SEVILLA AEROPUERTO,SEVILLA,almendro,media,3500.0,0.9,0.8,1.19,0.0,8.5,15.3,11.9,0.9,30.0,1.07,1.19,4167.04,35.72,3
2024-01-14,5783,SEVILLA AEROPUERTO,SEVILLA,olivar,media,3500.0,0.9,0.8,1.8,0.0,5.0,19.8,12.4,0.7,8.0,1.26,1.4,4893.63,11.19,1
2024-01-14,5783,SEVILLA AEROPUERTO,SEVILLA,citricos,media,3500.0,0.9,0.8,1.8,0.0,5.0,19.8,12.4,0.75,20.0,1.35,1.5,5243.18,29.96,2
2024-01-14,5783,SEVILLA AEROPUERTO,SEVILLA,almendro,media,3500.0,0.9,0.8,1.8,0.0,5.0,19.8,12.4,0.9,30.0,1.62,1.8,6291.82,53.93,3
2024-01-15,5783,SEVILLA AEROPUERTO,SEVILLA,olivar,media,3500.0,0.9,0.8,1.4,0.0,11.0,18.6,14.8,0.7,8.0,0.98,1.09,3810.92,8.71,1
2024-01-15,5783,SEVILLA AEROPUERTO,SEVILLA,citricos,media,3500.0,0.9,0.8,1.4,0.0,11.0,18.6,14.8,0.75,20.0,1.05,1.17,4083.13,23.33,2
2024-01-15,5783,SEVILLA AEROPUERTO,SEVILLA,almendro,media,3500.0,0.9,0.8,1.4,0.0,11.0,18.6,14.8,0.9,30.0,1.26,1.4,4899.75,42.0,3
2024-01-16,5783,SEVILLA AEROPUERTO,SEVILLA,olivar,media,3500.0,0.9,0.8,1.43,11.0,9.9,18.1,14.0,0.7,8.0,1.0,0.0,0.0,0.0,1
2024-01-16,5783,SEVILLA AEROPUERTO,SEVILLA,citricos,media,3500.0,0.9,0.8,1.43,11.0,9.9,18.1,14.0,0.75,20.0,1.07,0.0,0.0,0.0,2
2024-01-16,5783,SEVILLA AEROPUERTO,SEVILLA,almendro,media,3500.0,0.9,0.8,1.43,11.0,9.9,18.1,14.0,0.9,30.0,1.29,0.0,0.0,0.0,3
2024-01-17,5783,SEVILLA AEROPUERTO,SEVILLA,olivar,media,3500.0,0.9,0.8,1.48,4.6,11.6,19.5,15.6,0.7,8.0,1.04,0.0,0.0,0.0,1
2024-01-17,5783,SEVILLA AEROPUERTO,SEVILLA,citricos,media,3500.0,0.9,0.8,1.48,4.6,11.6,19.5,15.6,0.75,20.0,1.11,0.0,0.0,0.0,2
2024-01-17,5783,SEVILLA AEROPUERTO,SEVILLA,almendro,media,3500.0,0.9,0.8,1.48,4.6,11.6,19.5,15.6,0.9,30.0,1.33,0.0,0.0,0.0,3
2024-01-18,5783,SEVILLA AEROPUERTO,SEVILLA,olivar,media,3500.0,0.9,0.8,1.19,5.7,14.8,19.4,17.1,0.7,8.0,0.83,0.0,0.0,0.0,1
2024-01-18,5783,SEVILLA AEROPUERTO,SEVILLA,citricos,media,3500.0,0.9,0.8,1.19,5.7,14.8,19.4,17.1,0.75,20.0,0.89,0.0,0.0,0.0,2
2024-01-18,5783,SEVILLA AEROPUERTO,SEVILLA,almendro,media,3500.0,0.9,0.8,1.19,5.7,14.8,19.4,17.1,0.9,30.0,1.07,0.0,0.0,0.0,3
2024-01-19,5783,SEVILLA AEROPUERTO,SEVILLA,olivar,media,3500.0,0.9,0.8,1.39,5.1,9.2,17.1,13.2,0.7,8.0,0.98,0.0,0.0,0.0,1
2024-01-19,5783,SEVILLA AEROPUERTO,SEVILLA,citricos,media,3500.0,0.9,0.8,1.39,5.1,9.2,17.1,13.2,0.75,20.0,1.05,0.0,0.0,0.0,2
2024-01-19,5783,SEVILLA AEROPUERTO,SEVILLA,almendro,media,3500.0,0.9,0.8,1.39,5.1,9.2,17.1,13.2,0.9,30.0,1.26,0.0,0.0,0.0,3
2024-01-20,5783,SEVILLA AEROPUERTO,SEVILLA,olivar,media,3500.0,0.9,0.8,1.39,0.0,3.8,14.1,9.0,0.7,8.0,0.97,1.08,3775.35,8.63,1
2024-01-20,5783,SEVILLA AEROPUERTO,SEVILLA,citricos,media,3500.0,0.9,0.8,1.39,0.0,3.8,14.1,9.0,0.75,20.0,1.04,1.16,4045.01,23.11,2
2024-01-20,5783,SEVILLA AEROPUERTO,SEVILLA,almendro,media,3500.0,0.9,0.8,1.39,0.0,3.8,14.1,9.0,0.9,30.0,1.25,1.39,4854.02,41.61,3
2024-01-21,5783,SEVILLA AEROPUERTO,SEVILLA,olivar,media,3500.0,0.9,0.8,1.58,0.0,5.3,16.7,11.0,0.7,8.0,1.11,1.23,4309.74,9.85,1
2024-01-21,5783,SEVILLA AEROPUERTO,SEVILLA,citricos,media,3500.0,0.9,0.8,1.58,0.0,5.3,16.7,11.0,0.75,20.0,1.19,1.32,4617.58,26.39,2
2024-01-21,5783,SEVILLA AEROPUERTO,SEVILLA,almendro,media,3500.0,0.9,0.8,1.58,0.0,5.3,16.7,11.0,0.9,30.0,1.42,1.58,5541.09,47.5,3
2024-01-22,5783,SEVILLA AEROPUERTO,SEVILLA,olivar,media,3500.0,0.9,0.8,1.61,0.0,5.2,16.8,11.0,0.7,8.0,1.13,1.25,4382.17,10.02,1
2024-01-22,5783,SEVILLA AEROPUERTO,SEVILLA,citricos,media,3500.0,0.9,0.8,1.61,0.0,5.2,16.8,11.0,0.75,20.0,1.21,1.34,4695.18,26.83,2
2024-01-22,5783,SEVILLA AEROPUERTO,SEVILLA,almendro,media,3500.0,0.9,0.8,1.61,0.0,5.2,16.8,11.0,0.9,30.0,1.45,1.61,5634.22,48.29,3
2024-01-23,5783,SEVILLA AEROPUERTO,SEVILLA,olivar,media,3500.0,0.9,0.8,1.9,0.0,7.8,20.7,14.2,0.7,8.0,1.33,1.48,5184.65,11.85,1
2024-01-23,5783,SEVILLA AEROPUERTO,SEVILLA,citricos,media,3500.0,0.9,0.8,1.9,0.0,7.8,20.7,14.2,0.75,20.0,1.43,1.59,5554.98,31.74,2
2024-01-23,5783,SEVILLA AEROPUERTO,SEVILLA,almendro,media,3500.0,0.9,0.8,1.9,0.0,7.8,20.7,14.2,0.9,30.0,1.71,1.9,6665.97,57.14,3
2024-01-24,5783,SEVILLA AEROPUERTO,SEVILLA,olivar,media,3500.0,0.9,0.8,1.89,0.0,10.2,21.5,15.8,0.7,8.0,1.32,1.47,5137.04,11.74,1
2024-01-24,5783,SEVILLA AEROPUERTO,SEVILLA,citricos,media,3500.0,0.9,0.8,1.89,0.0,10.2,21.5,15.8,0.75,20.0,1.42,1.57,5503.97,31.45,2
2024-01-24,5783,SEVILLA AEROPUERTO,SEVILLA,almendro,media,3500.0,0.9,0.8,1.89,0.0,10.2,21.5,15.8,0.9,30.0,1.7,1.89,6604.77,56.61,3
2024-01-25,5783,SEVILLA AEROPUERTO,SEVILLA,olivar,media,3500.0,0.9,0.8,2.06,0.0,9.7,22.7,16.2,0.7,8.0,1.44,1.6,5614.26,12.83,1
2024-01-25,5783,SEVILLA AEROPUERTO,SEVILLA,citricos,media,3500.0,0.9,0.8,2.06,0.0,9.7,22.7,16.2,0.75,20.0,1.55,1.72,6015.28,34.37,2
2024-01-25,5783,SEVILLA AEROPUERTO,SEVILLA,almendro,media,3500.0,0.9,0.8,2.06,0.0,9.7,22.7,16.2,0.9,30.0,1.86,2.06,7218.33,61.87,3
2024-01-26,5783,SEVILLA AEROPUERTO,SEVILLA,olivar,media,3500.0,0.9,0.8,2.15,0.0,7.2,22.3,14.8,0.7,8.0,1.5,1.67,5842.41,13.35,1
2024-01-26,5783,SEVILLA AEROPUERTO,SEVILLA,citricos,media,3500.0,0.9,0.8,2.15,0.0,7.2,22.3,14.8,0.75,20.0,1.61,1.79,6259.73,35.77,2
2024-01-26,5783,SEVILLA AEROPUERTO,SEVILLA,almendro,media,3500.0,0.9,0.8,2.15,0.0,7.2,22.3,14.8,0.9,30.0,1.93,2.15,7511.68,64.39,3
2024-01-27,5783,SEVILLA AEROPUERTO,SEVILLA,olivar,media,3500.0,0.9,0.8,2.18,0.0,7.4,22.5,15.0,0.7,8.0,1.52,1.69,5929.51,13.55,1
2024-01-27,5783,SEVILLA AEROPUERTO,SEVILLA,citricos,media,3500.0,0.9,0.8,2.18,0.0,7.4,22.5,15.0,0.75,20.0,1.63,1.82,6353.05,36.3,2
2024-01-27,5783,SEVILLA AEROPUERTO,SEVILLA,almendro,media,3500.0,0.9,0.8,2.18,0.0,7.4,22.5,15.0,0.9,30.0,1.96,2.18,7623.65,65.35,3
2024-01-28,5783,SEVILLA AEROPUERTO,SEVILLA,olivar,media,3500.0,0.9,0.8,1.9,0.0,6.4,19.3,12.8,0.7,8.0,1.33,1.48,5174.43,11.83,1
2024-01-28,5783,SEVILLA AEROPUERTO,SEVILLA,citricos,media,3500.0,0.9,0.8,1.9,0.0,6.4,19.3,12.8,0.75,20.0,1.43,1.58,5544.03,31.68,2
2024-01-28,5783,SEVILLA AEROPUERTO,SEVILLA,almendro,media,3500.0,0.9,0.8,1.9,0.0,6.4,19.3,12.8,0.9,30.0,1.71,1.9,6652.83,57.02,3
2024-01-29,5783,SEVILLA AEROPUERTO,SEVILLA,olivar,media,3500.0,0.9,0.8,1.77,0.0,6.4,17.9,12.2,0.7,8.0,1.24,1.38,4816.7,11.01,1
2024-01-29,5783,SEVILLA AEROPUERTO,SEVILLA,citricos,media,3500.0,0.9,0.8,1.77,0.0,6.4,17.9,12.2,0.75,20.0,1.33,1.47,5160.75,29.49,2
2024-01-29,5783,SEVILLA AEROPUERTO,SEVILLA,almendro,media,3500.0,0.9,0.8,1.77,0.0,6.4,17.9,12.2,0.9,30.0,1.59,1.77,6192.9,53.08,3
2024-01-30,5783,SEVILLA AEROPUERTO,SEVILLA,olivar,media,3500.0,0.9,0.8,1.87,0.0,6.8,18.9,12.8,0.7,8.0,1.31,1.46,5102.0,11.66,1
2024-01-30,5783,SEVILLA AEROPUERTO,SEVILLA,citricos,media,3500.0,0.9,0.8,1.87,0.0,6.8,18.9,12.8,0.75,20.0,1.41,1.56,5466.43,31.24,2
2024-01-30,5783,SEVILLA AEROPUERTO,SEVILLA,almendro,media,3500.0,0.9,0.8,1.87,0.0,6.8,18.9,12.8,0.9,30.0,1.69,1.87,6559.71,56.23,3
2024-01-31,5783,SEVILLA AEROPUERTO,SEVILLA,olivar,media,3500.0,0.9,0.8,1.87,0.0,7.8,19.2,13.5,0.7,8.0,1.31,1.46,5103.52,11.67,1
2024-01-31,5783,SEVILLA AEROPUERTO,SEVILLA,citricos,media,3500.0,0.9,0.8,1.87,0.0,7.8,19.2,13.5,0.75,20.0,1.41,1.56,5468.06,31.25,2
2024-01-31,5783,SEVILLA AEROPUERTO,SEVILLA,almendro,media,3500.0,0.9,0.8,1.87,0.0,7.8,19.2,13.5,0.9,30.0,1.69,1.87,6561.67,56.24,3
2024-02-01,5783,SEVILLA AEROPUERTO,SEVILLA,olivar,media,3500.0,0.9,0.8,1.77,0.0,7.7,18.1,12.9,0.7,8.0,1.24,1.38,4825.31,11.03,1
2024-02-01,5783,SEVILLA AEROPUERTO,SEVILLA,citricos,media,3500.0,0.9,0.8,1.77,0.0,7.7,18.1,12.9,0.75,20.0,1.33,1.48,5169.97,29.54,2
2024-02-01,5783,SEVILLA AEROPUERTO,SEVILLA,almendro,media,3500.0,0.9,0.8,1.77,0.0,7.7,18.1,12.9,0.9,30.0,1.6,1.77,6203.97,53.18,3
2024-02-02,5783,SEVILLA AEROPUERTO,SEVILLA,olivar,media,3500.0,0.9,0.8,2.04,0.0,5.2,19.3,12.2,0.7,8.0,1.43,1.59,5550.83,12.69,1
2024-02-02,5783,SEVILLA AEROPUERTO,SEVILLA,citricos,media,3500.0,0.9,0.8,2.04,0.0,5.2,19.3,12.2,0.75,20.0,1.53,1.7,5947.32,33.98,2
2024-02-02,5783,SEVILLA AEROPUERTO,SEVILLA,almendro,media,3500.0,0.9,0.8,2.04,0.0,5.2,19.3,12.2,0.9,30.0,1.84,2.04,7136.78,61.17,3
2024-02-03,5783,SEVILLA AEROPUERTO,SEVILLA,olivar,media,3500.0,0.9,0.8,2.12,0.0,5.1,19.8,12.4,0.7,8.0,1.48,1.65,5759.13,13.16,1
2024-02-03,5783,SEVILLA AEROPUERTO,SEVILLA,citricos,media,3500.0,0.9,0.8,2.12,0.0,5.1,19.8,12.4,0.75,20.0,1.59,1.76,6170.5,35.26,2
2024-02-03,5783,SEVILLA AEROPUERTO,SEVILLA,almendro,media,3500.0,0.9,0.8,2.12,0.0,5.1,19.8,12.4,0.9,30.0,1.9,2.12,7404.59,63.47,3
2024-02-04,5783,SEVILLA AEROPUERTO,SEVILLA,olivar,media,3500.0,0.9,0.8,2.16,0.0,5.4,20.1,12.8,0.7,8.0,1.51,1.68,5871.42,13.42,1
2024-02-04,5783,SEVILLA AEROPUERTO,SEVILLA,citricos,media,3500.0,0.9,0.8,2.16,0.0,5.4,20.1,12.8,0.75,20.0,1.62,1.8,6290.81,35.95,2
2024-02-04,5783,SEVILLA AEROPUERTO,SEVILLA,almendro,media,3500.0,0.9,0.8,2.16,0.0,5.4,20.1,12.8,0.9,30.0,1.94,2.16,7548.97,64.71,3
2024-02-05,5783,SEVILLA AEROPUERTO,SEVILLA,olivar,media,3500.0,0.9,0.8,1.86,0.0,4.0,16.7,10.4,0.7,8.0,1.31,1.45,5076.72,11.6,1
2024-02-05,5783,SEVILLA AEROPUERTO,SEVILLA,citricos,media,3500.0,0.9,0.8,1.86,0.0,4.0,16.7,10.4,0.75,20.0,1.4,1.55,5439.35,31.08,2
2024-02-05,5783,SEVILLA AEROPUERTO,SEVILLA,almendro,media,3500.0,0.9,0.8,1.86,0.0,4.0,16.7,10.4,0.9,30.0,1.68,1.86,6527.22,55.95,3
2024-02-06,5783,SEVILLA AEROPUERTO,SEVILLA,olivar,media,3500.0,0.9,0.8,1.99,0.0,7.0,18.9,13.0,0.7,8.0,1.39,1.55,5419.74,12.39,1
2024-02-06,5783,SEVILLA AEROPUERTO,SEVILLA,citricos,media,3500.0,0.9,0.8,1.99,0.0,7.0,18.9,13.0,0.75,20.0,1.49,1.66,5806.86,33.18,2
2024-02-06,5783,SEVILLA AEROPUERTO,SEVILLA,almendro,media,3500.0,0.9,0.8,1.99,0.0,7.0,18.9,13.0,0.9,30.0,1.79,1.99,6968.23,59.73,3
2024-02-07,5783,SEVILLA AEROPUERTO,SEVILLA,olivar,media,3500.0,0.9,0.8,1.75,0.0,10.3,18.5,14.4,0.7,8.0,1.22,1.36,4756.66,10.87,1
2024-02-07,5783,SEVILLA AEROPUERTO,SEVILLA,citricos,media,3500.0,0.9,0.8,1.75,0.0,10.3,18.5,14.4,0.75,20.0,1.31,1.46,5096.42,29.12,2
2024-02-07,5783,SEVILLA AEROPUERTO,SEVILLA,almendro,media,3500.0,0.9,0.8,1.75,0.0,10.3,18.5,14.4,0.9,30.0,1.57,1.75,6115.71,52.42,3
2024-02-08,5783,SEVILLA AEROPUERTO,SEVILLA,olivar,media,3500.0,0.9,0.8,1.48,35.3,9.9,16.2,13.0,0.7,8.0,1.04,0.0,0.0,0.0,1
2024-02-08,5783,SEVILLA AEROPUERTO,SEVILLA,citricos,media,3500.0,0.9,0.8,1.48,35.3,9.9,16.2,13.0,0.75,20.0,1.11,0.0,0.0,0.0,2
2024-02-08,5783,SEVILLA AEROPUERTO,SEVILLA,almendro,media,3500.0,0.9,0.8,1.48,35.3,9.9,16.2,13.0,0.9,30.0,1.33,0.0,0.0,0.0,3
2024-02-09,5783,SEVILLA AEROPUERTO,SEVILLA,olivar,media,3500.0,0.9,0.8,1.45,45.3,12.8,17.9,15.4,0.7,8.0,1.01,0.0,0.0,0.0,1
2024-02-09,5783,SEVILLA AEROPUERTO,SEVILLA,citricos,media,3500.0,0.9,0.8,1.45,45.3,12.8,17.9,15.4,0.75,20.0,1.08,0.0,0.0,0.0,2
2024-02-09,5783,SEVILLA AEROPUERTO,SEVILLA,almendro,media,3500.0,0.9,0.8,1.45,45.3,12.8,17.9,15.4,0.9,30.0,1.3,0.0,0.0,0.0,3
2024-02-10,5783,SEVILLA AEROPUERTO,SEVILLA,olivar,media,3500.0,0.9,0.8,1.67,0.0,8.9,16.7,12.8,0.7,8.0,1.17,1.3,4539.05,10.37,1
2024-02-10,5783,SEVILLA AEROPUERTO,SEVILLA,citricos,media,3500.0,0.9,0.8,1.67,0.0,8.9,16.7,12.8,0.75,20.0,1.25,1.39,4863.27,27.79,2
2024-02-10,5783,SEVILLA AEROPUERTO,SEVILLA,almendro,media,3500.0,0.9,0.8,1.67,0.0,8.9,16.7,12.8,0.9,30.0,1.5,1.67,5835.93,50.02,3
2024-02-11,5783,SEVILLA AEROPUERTO,SEVILLA,olivar,media,3500.0,0.9,0.8,1.23,7.2,7.2,12.3,9.8,0.7,8.0,0.86,0.0,0.0,0.0,1
2024-02-11,5783,SEVILLA AEROPUERTO,SEVILLA,citricos,media,3500.0,0.9,0.8,1.23,7.2,7.2,12.3,9.8,0.75,20.0,0.92,0.0,0.0,0.0,2
2024-02-11,5783,SEVILLA AEROPUERTO,SEVILLA,almendro,media,3500.0,0.9,0.8,1.23,7.2,7.2,12.3,9.8,0.9,30.0,1.1,0.0,0.0,0.0,3
2024-02-12,5783,SEVILLA AEROPUERTO,SEVILLA,olivar,media,3500.0,0.9,0.8,2.19,0.0,11.8,21.9,16.8,0.7,8.0,1.53,1.7,5964.46,13.63,1
2024-02-12,5783,SEVILLA AEROPUERTO,SEVILLA,citricos,media,3500.0,0.9,0.8,2.19,0.0,11.8,21.9,16.8,0.75,20.0,1.64,1.83,6390.49,36.52,2
2024-02-12,5783,SEVILLA AEROPUERTO,SEVILLA,almendro,media,3500.0,0.9,0.8,2.19,0.0,11.8,21.9,16.8,0.9,30.0,1.97,2.19,7668.59,65.73,3
2024-02-13,5783,SEVILLA AEROPUERTO,SEVILLA,olivar,media,3500.0,0.9,0.8,1.9,0.0,14.4,21.4,17.9,0.7,8.0,1.33,1.48,5166.47,11.81,1
2024-02-13,5783,SEVILLA AEROPUERTO,SEVILLA,citricos,media,3500.0,0.9,0.8,1.9,0.0,14.4,21.4,17.9,0.75,20.0,1.42,1.58,5535.51,31.63,2
2024-02-13,5783,SEVILLA AEROPUERTO,SEVILLA,almendro,media,3500.0,0.9,0.8,1.9,0.0,14.4,21.4,17.9,0.9,30.0,1.71,1.9,6642.61,56.94,3
2024-02-14,5783,SEVILLA AEROPUERTO,SEVILLA,olivar,media,3500.0,0.9,0.8,2.28,0.0,13.9,23.4,18.6,0.7,8.0,1.6,1.77,6206.01,14.19,1
2024-02-14,5783,SEVILLA AEROPUERTO,SEVILLA,citricos,media,3500.0,0.9,0.8,2.28,0.0,13.9,23.4,18.6,0.75,20.0,1.71,1.9,6649.3,38.0,2
2024-02-14,5783,SEVILLA AEROPUERTO,SEVILLA,almendro,media,3500.0,0.9,0.8,2.28,0.0,13.9,23.4,18.6,0.9,30.0,2.05,2.28,7979.16,68.39,3
2024-02-15,5783,SEVILLA AEROPUERTO,SEVILLA,olivar,media,3500.0,0.9,0.8,1.93,6.7,12.0,19.8,15.9,0.7,8.0,1.35,0.0,0.0,0.0,1
2024-02-15,5783,SEVILLA AEROPUERTO,SEVILLA,citricos,media,3500.0,0.9,0.8,1.93,6.7,12.0,19.8,15.9,0.75,20.0,1.45,0.0,0.0,0.0,2
2024-02-15,5783,SEVILLA AEROPUERTO,SEVILLA,almendro,media,3500.0,0.9,0.8,1.93,6.7,12.0,19.8,15.9,0.9,30.0,1.74,0.0,0.0,0.0,3
2024-02-16,5783,SEVILLA AEROPUERTO,SEVILLA,olivar,media,3500.0,0.9,0.8,2.02,0.0,9.1,18.6,13.8,0.7,8.0,1.41,1.57,5496.07,12.56,1
2024-02-16,5783,SEVILLA AEROPUERTO,SEVILLA,citricos,media,3500.0,0.9,0.8,2.02,0.0,9.1,18.6,13.8,0.75,20.0,1.51,1.68,5888.65,33.65,2
2024-02-16,5783,SEVILLA AEROPUERTO,SEVILLA,almendro,media,3500.0,0.9,0.8,2.02,0.0,9.1,18.6,13.8,0.9,30.0,1.82,2.02,7066.38,60.57,3
2024-02-17,5783,SEVILLA AEROPUERTO,SEVILLA,olivar,media,3500.0,0.9,0.8,2.33,0.0,6.8,19.7,13.2,0.7,8.0,1.63,1.81,6345.36,14.5,1
2024-02-17,5783,SEVILLA AEROPUERTO,SEVILLA,citricos,media,3500.0,0.9,0.8,2.33,0.0,6.8,19.7,13.2,0.75,20.0,1.75,1.94,6798.6,38.85,2
2024-02-17,5783,SEVILLA AEROPUERTO,SEVILLA,almendro,media,3500.0,0.9,0.8,2.33,0.0,6.8,19.7,13.2,0.9,30.0,2.1,2.33,8158.32,69.93,3
2024-02-18,5783,SEVILLA AEROPUERTO,SEVILLA,olivar,media,3500.0,0.9,0.8,2.32,0.0,7.7,19.8,13.8,0.7,8.0,1.62,1.8,6306.27,14.41,1
2024-02-18,5783,SEVILLA AEROPUERTO,SEVILLA,citricos,media,3500.0,0.9,0.8,2.32,0.0,7.7,19.8,13.8,0.75,20.0,1.74,1.93,6756.72,38.61,2
2024-02-18,5783,SEVILLA AEROPUERTO,SEVILLA,almendro,media,3500.0,0.9,0.8,2.32,0.0,7.7,19.8,13.8,0.9,30.0,2.08,2.32,8108.06,69.5,3
2024-02-19,5783,SEVILLA AEROPUERTO,SEVILLA,olivar,media,3500.0,0.9,0.8,2.61,0.0,7.8,21.9,14.8,0.7,8.0,1.83,2.03,7114.59,16.26,1
2024-02-19,5783,SEVILLA AEROPUERTO,SEVILLA,citricos,media,3500.0,0.9,0.8,2.61,0.0,7.8,21.9,14.8,0.75,20.0,1.96,2.18,7622.78,43.56,2
2024-02-19,5783,SEVILLA AEROPUERTO,SEVILLA,almendro,media,3500.0,0.9,0.8,2.61,0.0,7.8,21.9,14.8,0.9,30.0,2.35,2.61,9147.33,78.41,3
2024-02-20,5783,SEVILLA AEROPUERTO,SEVILLA,olivar,media,3500.0,0.9,0.8,2.74,0.0,8.9,23.1,16.0,0.7,8.0,1.92,2.13,7464.29,17.06,1
2024-02-20,5783,SEVILLA AEROPUERTO,SEVILLA,citricos,media,3500.0,0.9,0.8,2.74,0.0,8.9,23.1,16.0,0.75,20.0,2.06,2.28,7997.46,45.7,2
2024-02-20,5783,SEVILLA AEROPUERTO,SEVILLA,almendro,media,3500.0,0.9,0.8,2.74,0.0,8.9,23.1,16.0,0.9,30.0,2.47,2.74,9596.95,82.26,3
2024-02-21,5783,SEVILLA AEROPUERTO,SEVILLA,olivar,media,3500.0,0.9,0.8,2.8,0.0,7.9,22.9,15.4,0.7,8.0,1.96,2.17,7609.82,17.39,1
2024-02-21,5783,SEVILLA AEROPUERTO,SEVILLA,citricos,media,3500.0,0.9,0.8,2.8,0.0,7.9,22.9,15.4,0.75,20.0,2.1,2.33,8153.38,46.59,2
2024-02-21,5783,SEVILLA AEROPUERTO,SEVILLA,almendro,media,3500.0,0.9,0.8,2.8,0.0,7.9,22.9,15.4,0.9,30.0,2.52,2.8,9784.05,83.86,3
2024-02-22,5783,SEVILLA AEROPUERTO,SEVILLA,olivar,media,3500.0,0.9,0.8,2.13,0.2,10.5,19.3,14.9,0.7,8.0,1.49,1.48,5175.17,11.83,1
2024-02-22,5783,SEVILLA AEROPUERTO,SEVILLA,citricos,media,3500.0,0.9,0.8,2.13,0.2,10.5,19.3,14.9,0.75,20.0,1.6,1.6,5589.27,31.94,2
2024-02-22,5783,SEVILLA AEROPUERTO,SEVILLA,almendro,media,3500.0,0.9,0.8,2.13,0.2,10.5,19.3,14.9,0.9,30.0,1.92,1.95,6831.56,58.56,3
2024-02-23,5783,SEVILLA AEROPUERTO,SEVILLA,olivar,media,3500.0,0.9,0.8,1.94,2.2,7.8,16.4,12.1,0.7,8.0,1.36,0.0,0.0,0.0,1
2024-02-23,5783,SEVILLA AEROPUERTO,SEVILLA,citricos,media,3500.0,0.9,0.8,1.94,2.2,7.8,16.4,12.1,0.75,20.0,1.46,0.0,0.0,0.0,2
2024-02-23,5783,SEVILLA AEROPUERTO,SEVILLA,almendro,media,3500.0,0.9,0.8,1.94,2.2,7.8,16.4,12.1,0.9,30.0,1.75,0.0,0.0,0.0,3
2024-02-24,5783,SEVILLA AEROPUERTO,SEVILLA,olivar,media,3500.0,0.9,0.8,1.94,0.3,7.6,16.1,11.8,0.7,8.0,1.35,1.24,4334.68,9.91,1
2024-02-24,5783,SEVILLA AEROPUERTO,SEVILLA,citricos,media,3500.0,0.9,0.8,1.94,0.3,7.6,16.1,11.8,0.75,20.0,1.45,1.35,4710.96,26.92,2
2024-02-24,5783,SEVILLA AEROPUERTO,SEVILLA,almendro,media,3500.0,0.9,0.8,1.94,0.3,7.6,16.1,11.8,0.9,30.0,1.74,1.67,5839.82,50.06,3
2024-02-25,5783,SEVILLA AEROPUERTO,SEVILLA,olivar,media,3500.0,0.9,0.8,2.27,6.0,8.8,18.9,13.8,0.7,8.0,1.59,0.0,0.0,0.0,1
2024-02-25,5783,SEVILLA AEROPUERTO,SEVILLA,citricos,media,3500.0,0.9,0.8,2.27,6.0,8.8,18.9,13.8,0.75,20.0,1.71,0.0,0.0,0.0,2
2024-02-25,5783,SEVILLA AEROPUERTO,SEVILLA,almendro,media,3500.0,0.9,0.8,2.27,6.0,8.8,18.9,13.8,0.9,30.0,2.05,0.0,0.0,0.0,3
2024-02-26,5783,SEVILLA AEROPUERTO,SEVILLA,olivar,media,3500.0,0.9,0.8,1.99,0.0,8.1,16.5,12.3,0.7,8.0,1.39,1.55,5420.35,12.39,1
2024-02-26,5783,SEVILLA AEROPUERTO,SEVILLA,citricos,media,3500.0,0.9,0.8,1.99,0.0,8.1,16.5,12.3,0.75,20.0,1.49,1.66,5807.52,33.19,2
2024-02-26,5783,SEVILLA AEROPUERTO,SEVILLA,almendro,media,3500.0,0.9,0.8,1.99,0.0,8.1,16.5,12.3,0.9,30.0,1.79,1.99,6969.02,59.73,3
2024-02-27,5783,SEVILLA AEROPUERTO,SEVILLA,olivar,media,3500.0,0.9,0.8,2.2,0.0,6.0,16.7,11.4,0.7,8.0,1.54,1.71,5981.77,13.67,1
2024-02-27,5783,SEVILLA AEROPUERTO,SEVILLA,citricos,media,3500.0,0.9,0.8,2.2,0.0,6.0,16.7,11.4,0.75,20.0,1.65,1.83,6409.04,36.62,2
2024-02-27,5783,SEVILLA AEROPUERTO,SEVILLA,almendro,media,3500.0,0.9,0.8,2.2,0.0,6.0,16.7,11.4,0.9,30.0,1.98,2.2,7690.84,65.92,3
2024-02-28,5783,SEVILLA AEROPUERTO,SEVILLA,olivar,media,3500.0,0.9,0.8,2.57,0.0,3.1,18.2,10.6,0.7,8.0,1.8,2.0,7002.09,16.0,1
2024-02-28,5783,SEVILLA AEROPUERTO,SEVILLA,citricos,media,3500.0,0.9,0.8,2.57,0.0,3.1,18.2,10.6,0.75,20.0,1.93,2.14,7502.24,42.87,2
2024-02-28,5783,SEVILLA AEROPUERTO,SEVILLA,almendro,media,3500.0,0.9,0.8,2.57,0.0,3.1,18.2,10.6,0.9,30.0,2.31,2.57,9002.69,77.17,3
2024-02-29,5783,SEVILLA AEROPUERTO,SEVILLA,olivar,media,3500.0,0.9,0.8,2.72,0.0,3.4,19.2,11.3,0.7,8.0,1.9,2.11,7396.32,16.91,1
2024-02-29,5783,SEVILLA AEROPUERTO,SEVILLA,citricos,media,3500.0,0.9,0.8,2.72,0.0,3.4,19.2,11.3,0.75,20.0,2.04,2.26,7924.63,45.28,2
2024-02-29,5783,SEVILLA AEROPUERTO,SEVILLA,almendro,media,3500.0,0.9,0.8,2.72,0.0,3.4,19.2,11.3,0.9,30.0,2.45,2.72,9509.55,81.51,3
2024-03-01,5783,SEVILLA AEROPUERTO,SEVILLA,olivar,media,3500.0,0.9,0.8,2.49,0.0,5.2,18.0,11.6,0.7,8.0,1.75,1.94,6789.86,15.52,1
2024-03-01,5783,SEVILLA AEROPUERTO,SEVILLA,citricos,media,3500.0,0.9,0.8,2.49,0.0,5.2,18.0,11.6,0.75,20.0,1.87,2.08,7274.84,41.57,2
2024-03-01,5783,SEVILLA AEROPUERTO,SEVILLA,almendro,media,3500.0,0.9,0.8,2.49,0.0,5.2,18.0,11.6,0.9,30.0,2.24,2.49,8729.81,74.83,3
2024-03-02,5783,SEVILLA AEROPUERTO,SEVILLA,olivar,media,3500.0,0.9,0.8,2.61,1.9,4.6,18.4,11.5,0.7,8.0,1.82,0.34,1181.49,2.7,1
2024-03-02,5783,SEVILLA AEROPUERTO,SEVILLA,citricos,media,3500.0,0.9,0.8,2.61,1.9,4.6,18.4,11.5,0.75,20.0,1.95,0.48,1688.11,9.65,2
2024-03-02,5783,SEVILLA AEROPUERTO,SEVILLA,almendro,media,3500.0,0.9,0.8,2.61,1.9,4.6,18.4,11.5,0.9,30.0,2.34,0.92,3207.95,27.5,3
2024-03-03,5783,SEVILLA AEROPUERTO,SEVILLA,olivar,media,3500.0,0.9,0.8,2.28,0.0,6.2,16.6,11.4,0.7,8.0,1.59,1.77,6193.88,14.16,1
2024-03-03,5783,SEVILLA AEROPUERTO,SEVILLA,citricos,media,3500.0,0.9,0.8,2.28,0.0,6.2,16.6,11.4,0.75,20.0,1.71,1.9,6636.3,37.92,2
2024-03-03,5783,SEVILLA AEROPUERTO,SEVILLA,almendro,media,3500.0,0.9,0.8,2.28,0.0,6.2,16.6,11.4,0.9,30.0,2.05,2.28,7963.56,68.26,3
2024-03-04,5783,SEVILLA AEROPUERTO,SEVILLA,olivar,media,3500.0,0.9,0.8,2.69,1.1,6.8,19.5,13.2,0.7,8.0,1.88,1.11,3900.36,8.92,1
2024-03-04,5783,SEVILLA AEROPUERTO,SEVILLA,citricos,media,3500.0,0.9,0.8,2.69,1.1,6.8,19.5,13.2,0.75,20.0,2.02,1.26,4423.4,25.28,2
2024-03-04,5783,SEVILLA AEROPUERTO,SEVILLA,almendro,media,3500.0,0.9,0.8,2.69,1.1,6.8,19.5,13.2,0.9,30.0,2.42,1.71,5992.53,51.36,3
2024-03-05,5783,SEVILLA AEROPUERTO,SEVILLA,olivar,media,3500.0,0.9,0.8,2.65,0.0,5.4,18.5,12.0,0.7,8.0,1.86,2.06,7214.98,16.49,1
2024-03-05,5783,SEVILLA AEROPUERTO,SEVILLA,citricos,media,3500.0,0.9,0.8,2.65,0.0,5.4,18.5,12.0,0.75,20.0,1.99,2.21,7730.34,44.17,2
2024-03-05,5783,SEVILLA AEROPUERTO,SEVILLA,almendro,media,3500.0,0.9,0.8,2.65,0.0,5.4,18.5,12.0,0.9,30.0,2.39,2.65,9276.4,79.51,3
2024-03-06,5783,SEVILLA AEROPUERTO,SEVILLA,olivar,media,3500.0,0.9,0.8,2.96,0.0,5.0,20.3,12.6,0.7,8.0,2.07,2.3,8054.29,18.41,1
2024-03-06,5783,SEVILLA AEROPUERTO,SEVILLA,citricos,media,3500.0,0.9,0.8,2.96,0.0,5.0,20.3,12.6,0.75,20.0,2.22,2.47,8629.6,49.31,2
2024-03-06,5783,SEVILLA AEROPUERTO,SEVILLA,almendro,media,3500.0,0.9,0.8,2.96,0.0,5.0,20.3,12.6,0.9,30.0,2.66,2.96,10355.52,88.76,3
2024-03-07,5783,SEVILLA AEROPUERTO,SEVILLA,olivar,media,3500.0,0.9,0.8,1.9,19.5,8.9,15.3,12.1,0.7,8.0,1.33,0.0,0.0,0.0,1
2024-03-07,5783,SEVILLA AEROPUERTO,SEVILLA,citricos,media,3500.0,0.9,0.8,1.9,19.5,8.9,15.3,12.1,0.75,20.0,1.42,0.0,0.0,0.0,2
2024-03-07,5783,SEVILLA AEROPUERTO,SEVILLA,almendro,media,3500.0,0.9,0.8,1.9,19.5,8.9,15.3,12.1,0.9,30.0,1.71,0.0,0.0,0.0,3
2024-03-08,5783,SEVILLA AEROPUERTO,SEVILLA,olivar,media,3500.0,0.9,0.8,2.23,17.9,7.1,16.1,11.6,0.7,8.0,1.56,0.0,0.0,0.0,1
2024-03-08,5783,SEVILLA AEROPUERTO,SEVILLA,citricos,media,3500.0,0.9,0.8,2.23,17.9,7.1,16.1,11.6,0.75,20.0,1.67,0.0,0.0,0.0,2
2024-03-08,5783,SEVILLA AEROPUERTO,SEVILLA,almendro,media,3500.0,0.9,0.8,2.23,17.9,7.1,16.1,11.6,0.9,30.0,2.01,0.0,0.0,0.0,3
2024-03-09,5783,SEVILLA AEROPUERTO,SEVILLA,olivar,media,3500.0,0.9,0.8,1.83,4.6,9.3,15.0,12.2,0.7,8.0,1.28,0.0,0.0,0.0,1
2024-03-09,5783,SEVILLA AEROPUERTO,SEVILLA,citricos,media,3500.0,0.9,0.8,1.83,4.6,9.3,15.0,12.2,0.75,20.0,1.37,0.0,0.0,0.0,2
2024-03-09,5783,SEVILLA AEROPUERTO,SEVILLA,almendro,media,3500.0,0.9,0.8,1.83,4.6,9.3,15.0,12.2,0.9,30.0,1.64,0.0,0.0,0.0,3
2024-03-10,5783,SEVILLA AEROPUERTO,SEVILLA,olivar,media,3500.0,0.9,0.8,2.35,0.2,9.5,17.9,13.7,0.7,8.0,1.65,1.65,5777.52,13.21,1
2024-03-10,5783,SEVILLA AEROPUERTO,SEVILLA,citricos,media,3500.0,0.9,0.8,2.35,0.2,9.5,17.9,13.7,0.75,20.0,1.76,1.78,6234.64,35.63,2
2024-03-10,5783,SEVILLA AEROPUERTO,SEVILLA,almendro,media,3500.0,0.9,0.8,2.35,0.2,9.5,17.9,13.7,0.9,30.0,2.12,2.17,7606.01,65.19,3
2024-03-11,5783,SEVILLA AEROPUERTO,SEVILLA,olivar,media,3500.0,0.9,0.8,2.87,0.0,5.5,19.0,12.2,0.7,8.0,2.01,2.23,7808.1,17.85,1
2024-03-11,5783,SEVILLA AEROPUERTO,SEVILLA,citricos,media,3500.0,0.9,0.8,2.87,0.0,5.5,19.0,12.2,0.75,20.0,2.15,2.39,8365.82,47.8,2
2024-03-11,5783,SEVILLA AEROPUERTO,SEVILLA,almendro,media,3500.0,0.9,0.8,2.87,0.0,5.5,19.0,12.2,0.9,30.0,2.58,2.87,10038.99,86.05,3
2024-03-12,5783,SEVILLA AEROPUERTO,SEVILLA,olivar,media,3500.0,0.9,0.8,3.16,0.0,6.9,21.2,14.0,0.7,8.0,2.21,2.45,8592.09,19.64,1
2024-03-12,5783,SEVILLA AEROPUERTO,SEVILLA,citricos,media,3500.0,0.9,0.8,3.16,0.0,6.9,21.2,14.0,0.75,20.0,2.37,2.63,9205.81,52.6,2
2024-03-12,5783,SEVILLA AEROPUERTO,SEVILLA,almendro,media,3500.0,0.9,0.8,3.16,0.0,6.9,21.2,14.0,0.9,30.0,2.84,3.16,11046.97,94.69,3
2024-03-13,5783,SEVILLA AEROPUERTO,SEVILLA,olivar,media,3500.0,0.9,0.8,3.2,0.0,7.4,21.5,14.4,0.7,8.0,2.24,2.49,8713.9,19.92,1
2024-03-13,5783,SEVILLA AEROPUERTO,SEVILLA,citricos,media,3500.0,0.9,0.8,3.2,0.0,7.4,21.5,14.4,0.75,20.0,2.4,2.67,9336.32,53.35,2
2024-03-13,5783,SEVILLA AEROPUERTO,SEVILLA,almendro,media,3500.0,0.9,0.8,3.2,0.0,7.4,21.5,14.4,0.9,30.0,2.88,3.2,11203.58,96.03,3
2024-03-14,5783,SEVILLA AEROPUERTO,SEVILLA,olivar,media,3500.0,0.9,0.8,2.68,0.0,11.7,20.5,16.1,0.7,8.0,1.88,2.09,7298.43,16.68,1
2024-03-14,5783,SEVILLA AEROPUERTO,SEVILLA,citricos,media,3500.0,0.9,0.8,2.68,0.0,11.7,20.5,16.1,0.75,20.0,2.01,2.23,7819.75,44.68,2
2024-03-14,5783,SEVILLA AEROPUERTO,SEVILLA,almendro,media,3500.0,0.9,0.8,2.68,0.0,11.7,20.5,16.1,0.9,30.0,2.41,2.68,9383.7,80.43,3
2024-03-15,5783,SEVILLA AEROPUERTO,SEVILLA,olivar,media,3500.0,0.9,0.8,3.07,0.0,9.2,21.2,15.2,0.7,8.0,2.15,2.39,8367.04,19.12,1
2024-03-15,5783,SEVILLA AEROPUERTO,SEVILLA,citricos,media,3500.0,0.9,0.8,3.07,0.0,9.2,21.2,15.2,0.75,20.0,2.31,2.56,8964.68,51.23,2
2024-03-15,5783,SEVILLA AEROPUERTO,SEVILLA,almendro,media,3500.0,0.9,0.8,3.07,0.0,9.2,21.2,15.2,0.9,30.0,2.77,3.07,10757.62,92.21,3
2024-03-16,5783,SEVILLA AEROPUERTO,SEVILLA,olivar,media,3500.0,0.9,0.8,3.92,0.0,10.2,26.3,18.2,0.7,8.0,2.75,3.05,10676.43,24.4,1
2024-03-16,5783,SEVILLA AEROPUERTO,SEVILLA,citricos,media,3500.0,0.9,0.8,3.92,0.0,10.2,26.3,18.2,0.75,20.0,2.94,3.27,11439.03,65.37,2
2024-03-16,5783,SEVILLA AEROPUERTO,SEVILLA,almendro,media,3500.0,0.9,0.8,3.92,0.0,10.2,26.3,18.2,0.9,30.0,3.53,3.92,13726.84,117.66,3
2024-03-17,5783,SEVILLA AEROPUERTO,SEVILLA,olivar,media,3500.0,0.9,0.8,4.11,0.0,10.8,27.4,19.1,0.7,8.0,2.88,3.2,11188.98,25.57,1
2024-03-17,5783,SEVILLA AEROPUERTO,SEVILLA,citricos,media,3500.0,0.9,0.8,4.11,0.0,10.8,27.4,19.1,0.75,20.0,3.08,3.43,11988.2,68.5,2
2024-03-17,5783,SEVILLA AEROPUERTO,SEVILLA,almendro,media,3500.0,0.9,0.8,4.11,0.0,10.8,27.4,19.1,0.9,30.0,3.7,4.11,14385.83,123.31,3
2024-03-18,5783,SEVILLA AEROPUERTO,SEVILLA,olivar,media,3500.0,0.9,0.8,3.67,0.0,12.2,25.4,18.8,0.7,8.0,2.57,2.85,9977.96,22.81,1
2024-03-18,5783,SEVILLA AEROPUERTO,SEVILLA,citricos,media,3500.0,0.9,0.8,3.67,0.0,12.2,25.4,18.8,0.75,20.0,2.75,3.05,10690.67,61.09,2
2024-03-18,5783,SEVILLA AEROPUERTO,SEVILLA,almendro,media,3500.0,0.9,0.8,3.67,0.0,12.2,25.4,18.8,0.9,30.0,3.3,3.67,12828.8,109.96,3
2024-03-19,5783,SEVILLA AEROPUERTO,SEVILLA,olivar,media,3500.0,0.9,0.8,3.83,0.0,11.3,25.7,18.5,0.7,8.0,2.68,2.98,10420.42,23.82,1
2024-03-19,5783,SEVILLA AEROPUERTO,SEVILLA,citricos,media,3500.0,0.9,0.8,3.83,0.0,11.3,25.7,18.5,0.75,20.0,2.87,3.19,11164.74,63.8,2
2024-03-19,5783,SEVILLA AEROPUERTO,SEVILLA,almendro,media,3500.0,0.9,0.8,3.83,0.0,11.3,25.7,18.5,0.9,30.0,3.45,3.83,13397.69,114.84,3
2024-03-20,5783,SEVILLA AEROPUERTO,SEVILLA,olivar,media,3500.0,0.9,0.8,2.72,0.0,13.9,21.4,17.6,0.7,8.0,1.9,2.12,7403.35,16.92,1
2024-03-20,5783,SEVILLA AEROPUERTO,SEVILLA,citricos,media,3500.0,0.9,0.8,2.72,0.0,13.9,21.4,17.6,0.75,20.0,2.04,2.27,7932.16,45.33,2
2024-03-20,5783,SEVILLA AEROPUERTO,SEVILLA,almendro,media,3500.0,0.9,0.8,2.72,0.0,13.9,21.4,17.6,0.9,30.0,2.45,2.72,9518.59,81.59,3
2024-03-21,5783,SEVILLA AEROPUERTO,SEVILLA,olivar,media,3500.0,0.9,0.8,3.3,0.0,12.1,23.0,17.6,0.7,8.0,2.31,2.56,8970.72,20.5,1
2024-03-21,5783,SEVILLA AEROPUERTO,SEVILLA,citricos,media,3500.0,0.9,0.8,3.3,0.0,12.1,23.0,17.6,0.75,20.0,2.47,2.75,9611.48,54.92,2
2024-03-21,5783,SEVILLA AEROPUERTO,SEVILLA,almendro,media,3500.0,0.9,0.8,3.3,0.0,12.1,23.0,17.6,0.9,30.0,2.97,3.3,11533.78,98.86,3
2024-03-22,5783,SEVILLA AEROPUERTO,SEVILLA,olivar,media,3500.0,0.9,0.8,3.52,0.0,14.9,25.5,20.2,0.7,8.0,2.46,2.74,9584.36,21.91,1
2024-03-22,5783,SEVILLA AEROPUERTO,SEVILLA,citricos,media,3500.0,0.9,0.8,3.52,0.0,14.9,25.5,20.2,0.75,20.0,2.64,2.93,10268.96,58.68,2
2024-03-22,5783,SEVILLA AEROPUERTO,SEVILLA,almendro,media,3500.0,0.9,0.8,3.52,0.0,14.9,25.5,20.2,0.9,30.0,3.17,3.52,12322.75,105.62,3
2024-03-23,5783,SEVILLA AEROPUERTO,SEVILLA,olivar,media,3500.0,0.9,0.8,3.65,0.0,14.0,25.5,19.8,0.7,8.0,2.56,2.84,9941.37,22.72,1
2024-03-23,5783,SEVILLA AEROPUERTO,SEVILLA,citricos,media,3500.0,0.9,0.8,3.65,0.0,14.0,25.5,19.8,0.75,20.0,2.74,3.04,10651.47,60.87,2
2024-03-23,5783,SEVILLA AEROPUERTO,SEVILLA,almendro,media,3500.0,0.9,0.8,3.65,0.0,14.0,25.5,19.8,0.9,30.0,3.29,3.65,12781.76,109.56,3
2024-03-24,5783,SEVILLA AEROPUERTO,SEVILLA,olivar,media,3500.0,0.9,0.8,3.34,4.4,13.8,23.8,18.8,0.7,8.0,2.34,0.0,0.0,0.0,1
2024-03-24,5783,SEVILLA AEROPUERTO,SEVILLA,citricos,media,3500.0,0.9,0.8,3.34,4.4,13.8,23.8,18.8,0.75,20.0,2.51,0.0,0.0,0.0,2
2024-03-24,5783,SEVILLA AEROPUERTO,SEVILLA,almendro,media,3500.0,0.9,0.8,3.34,4.4,13.8,23.8,18.8,0.9,30.0,3.01,0.0,0.0,0.0,3
2024-03-25,5783,SEVILLA AEROPUERTO,SEVILLA,olivar,media,3500.0,0.9,0.8,2.15,8.9,11.6,16.9,14.2,0.7,8.0,1.5,0.0,0.0,0.0,1
2024-03-25,5783,SEVILLA AEROPUERTO,SEVILLA,citricos,media,3500.0,0.9,0.8,2.15,8.9,11.6,16.9,14.2,0.75,20.0,1.61,0.0,0.0,0.0,2
2024-03-25,5783,SEVILLA AEROPUERTO,SEVILLA,almendro,media,3500.0,0.9,0.8,2.15,8.9,11.6,16.9,14.2,0.9,30.0,1.93,0.0,0.0,0.0,3
2024-03-26,5783,SEVILLA AEROPUERTO,SEVILLA,olivar,media,3500.0,0.9,0.8,2.49,0.0,7.8,16.0,11.9,0.7,8.0,1.75,1.94,6791.74,15.52,1
2024-03-26,5783,SEVILLA AEROPUERTO,SEVILLA,citricos,media,3500.0,0.9,0.8,2.49,0.0,7.8,16.0,11.9,0.75,20.0,1.87,2.08,7276.86,41.58,2
2024-03-26,5783,SEVILLA AEROPUERTO,SEVILLA,almendro,media,3500.0,0.9,0.8,2.49,0.0,7.8,16.0,11.9,0.9,30.0,2.25,2.49,8732.23,74.85,3
2024-03-27,5783,SEVILLA AEROPUERTO,SEVILLA,olivar,media,3500.0,0.9,0.8,2.62,19.4,11.1,18.5,14.8,0.7,8.0,1.83,0.0,0.0,0.0,1
2024-03-27,5783,SEVILLA AEROPUERTO,SEVILLA,citricos,media,3500.0,0.9,0.8,2.62,19.4,11.1,18.5,14.8,0.75,20.0,1.97,0.0,0.0,0.0,2
2024-03-27,5783,SEVILLA AEROPUERTO,SEVILLA,almendro,media,3500.0,0.9,0.8,2.62,19.4,11.1,18.5,14.8,0.9,30.0,2.36,0.0,0.0,0.0,3
2024-03-28,5783,SEVILLA AEROPUERTO,SEVILLA,olivar,media,3500.0,0.9,0.8,2.46,26.9,12.3,18.5,15.4,0.7,8.0,1.72,0.0,0.0,0.0,1
2024-03-28,5783,SEVILLA AEROPUERTO,SEVILLA,citricos,media,3500.0,0.9,0.8,2.46,26.9,12.3,18.5,15.4,0.75,20.0,1.85,0.0,0.0,0.0,2
2024-03-28,5783,SEVILLA AEROPUERTO,SEVILLA,almendro,media,3500.0,0.9,0.8,2.46,26.9,12.3,18.5,15.4,0.9,30.0,2.21,0.0,0.0,0.0,3
2024-03-29,5783,SEVILLA AEROPUERTO,SEVILLA,olivar,media,3500.0,0.9,0.8,2.51,16.0,9.3,16.7,13.0,0.7,8.0,1.76,0.0,0.0,0.0,1
2024-03-29,5783,SEVILLA AEROPUERTO,SEVILLA,citricos,media,3500.0,0.9,0.8,2.51,16.0,9.3,16.7,13.0,0.75,20.0,1.88,0.0,0.0,0.0,2
2024-03-29,5783,SEVILLA AEROPUERTO,SEVILLA,almendro,media,3500.0,0.9,0.8,2.51,16.0,9.3,16.7,13.0,0.9,30.0,2.26,0.0,0.0,0.0,3
2024-03-30,5783,SEVILLA AEROPUERTO,SEVILLA,olivar,media,3500.0,0.9,0.8,2.65,24.1,8.8,17.0,12.9,0.7,8.0,1.86,0.0,0.0,0.0,1
2024-03-30,5783,SEVILLA AEROPUERTO,SEVILLA,citricos,media,3500.0,0.9,0.8,2.65,24.1,8.8,17.0,12.9,0.75,20.0,1.99,0.0,0.0,0.0,2
2024-03-30,5783,SEVILLA AEROPUERTO,SEVILLA,almendro,media,3500.0,0.9,0.8,2.65,24.1,8.8,17.0,12.9,0.9,30.0,2.39,0.0,0.0,0.0,3
2024-03-31,5783,SEVILLA AEROPUERTO,SEVILLA,olivar,media,3500.0,0.9,0.8,1.98,20.4,9.6,14.4,12.0,0.7,8.0,1.39,0.0,0.0,0.0,1
2024-03-31,5783,SEVILLA AEROPUERTO,SEVILLA,citricos,media,3500.0,0.9,0.8,1.98,20.4,9.6,14.4,12.0,0.75,20.0,1.49,0.0,0.0,0.0,2
2024-03-31,5783,SEVILLA AEROPUERTO,SEVILLA,almendro,media,3500.0,0.9,0.8,1.98,20.4,9.6,14.4,12.0,0.9,30.0,1.79,0.0,0.0,0.0,3
2024-04-01,5783,SEVILLA AEROPUERTO,SEVILLA,olivar,media,3500.0,0.9,0.8,3.36,0.0,6.3,19.2,12.8,0.7,8.0,2.35,2.61,9143.7,20.9,1
2024-04-01,5783,SEVILLA AEROPUERTO,SEVILLA,citricos,media,3500.0,0.9,0.8,3.36,0.0,6.3,19.2,12.8,0.75,20.0,2.52,2.8,9796.82,55.98,2
2024-04-01,5783,SEVILLA AEROPUERTO,SEVILLA,almendro,media,3500.0,0.9,0.8,3.36,0.0,6.3,19.2,12.8,0.9,30.0,3.02,3.36,11756.18,100.77,3
2024-04-02,5783,SEVILLA AEROPUERTO,SEVILLA,olivar,media,3500.0,0.9,0.8,3.48,0.0,8.1,20.5,14.3,0.7,8.0,2.44,2.71,9483.35,21.68,1
2024-04-02,5783,SEVILLA AEROPUERTO,SEVILLA,citricos,media,3500.0,0.9,0.8,3.48,0.0,8.1,20.5,14.3,0.75,20.0,2.61,2.9,10160.73,58.06,2
2024-04-02,5783,SEVILLA AEROPUERTO,SEVILLA,almendro,media,3500.0,0.9,0.8,3.48,0.0,8.1,20.5,14.3,0.9,30.0,3.14,3.48,12192.88,104.51,3
2024-04-03,5783,SEVILLA AEROPUERTO,SEVILLA,olivar,media,3500.0,0.9,0.8,3.4,0.8,11.9,21.9,16.9,0.7,8.0,2.38,1.94,6778.59,15.49,1
2024-04-03,5783,SEVILLA AEROPUERTO,SEVILLA,citricos,media,3500.0,0.9,0.8,3.4,0.8,11.9,21.9,16.9,0.75,20.0,2.55,2.13,7440.55,42.52,2
2024-04-03,5783,SEVILLA AEROPUERTO,SEVILLA,almendro,media,3500.0,0.9,0.8,3.4,0.8,11.9,21.9,16.9,0.9,30.0,3.06,2.69,9426.44,80.8,3
2024-04-04,5783,SEVILLA AEROPUERTO,SEVILLA,olivar,media,3500.0,0.9,0.8,4.33,0.0,10.3,25.4,17.8,0.7,8.0,3.03,3.36,11776.65,26.92,1
2024-04-04,5783,SEVILLA AEROPUERTO,SEVILLA,citricos,media,3500.0,0.9,0.8,4.33,0.0,10.3,25.4,17.8,0.75,20.0,3.24,3.61,12617.84,72.1,2
2024-04-04,5783,SEVILLA AEROPUERTO,SEVILLA,almendro,media,3500.0,0.9,0.8,4.33,0.0,10.3,25.4,17.8,0.9,30.0,3.89,4.33,15141.41,129.78,3
2024-04-05,5783,SEVILLA AEROPUERTO,SEVILLA,olivar,media,3500.0,0.9,0.8,5.2,0.0,10.5,29.6,20.0,0.7,8.0,3.64,4.04,14153.19,32.35,1
2024-04-05,5783,SEVILLA AEROPUERTO,SEVILLA,citricos,media,3500.0,0.9,0.8,5.2,0.0,10.5,29.6,20.0,0.75,20.0,3.9,4.33,15164.13,86.65,2
2024-04-05,5783,SEVILLA AEROPUERTO,SEVILLA,almendro,media,3500.0,0.9,0.8,5.2,0.0,10.5,29.6,20.0,0.9,30.0,4.68,5.2,18196.95,155.97,3
2024-04-06,5783,SEVILLA AEROPUERTO,SEVILLA,olivar,media,3500.0,0.9,0.8,4.29,0.0,12.0,25.7,18.8,0.7,8.0,3.0,3.34,11680.45,26.7,1
2024-04-06,5783,SEVILLA AEROPUERTO,SEVILLA,citricos,media,3500.0,0.9,0.8,4.29,0.0,12.0,25.7,18.8,0.75,20.0,3.22,3.58,12514.76,71.51,2
2024-04-06,5783,SEVILLA AEROPUERTO,SEVILLA,almendro,media,3500.0,0.9,0.8,4.29,0.0,12.0,25.7,18.8,0.9,30.0,3.86,4.29,15017.72,128.72,3
2024-04-07,5783,SEVILLA AEROPUERTO,SEVILLA,olivar,media,3500.0,0.9,0.8,4.07,0.0,14.2,25.7,20.0,0.7,8.0,2.85,3.17,11091.76,25.35,1
2024-04-07,5783,SEVILLA AEROPUERTO,SEVILLA,citricos,media,3500.0,0.9,0.8,4.07,0.0,14.2,25.7,20.0,0.75,20.0,3.06,3.4,11884.03,67.91,2
2024-04-07,5783,SEVILLA AEROPUERTO,SEVILLA,almendro,media,3500.0,0.9,0.8,4.07,0.0,14.2,25.7,20.0,0.9,30.0,3.67,4.07,14260.83,122.24,3
2024-04-08,5783,SEVILLA AEROPUERTO,SEVILLA,olivar,media,3500.0,0.9,0.8,3.36,0.3,10.0,20.2,15.1,0.7,8.0,2.36,2.35,8226.67,18.8,1
2024-04-08,5783,SEVILLA AEROPUERTO,SEVILLA,citricos,media,3500.0,0.9,0.8,3.36,0.3,10.0,20.2,15.1,0.75,20.0,2.52,2.54,8880.95,50.75,2
2024-04-08,5783,SEVILLA AEROPUERTO,SEVILLA,almendro,media,3500.0,0.9,0.8,3.36,0.3,10.0,20.2,15.1,0.9,30.0,3.03,3.1,10843.81,92.95,3
2024-04-09,5783,SEVILLA AEROPUERTO,SEVILLA,olivar,media,3500.0,0.9,0.8,3.99,0.0,7.3,21.9,14.6,0.7,8.0,2.79,3.1,10857.8,24.82,1
2024-04-09,5783,SEVILLA AEROPUERTO,SEVILLA,citricos,media,3500.0,0.9,0.8,3.99,0.0,7.3,21.9,14.6,0.75,20.0,2.99,3.32,11633.36,66.48,2
2024-04-09,5783,SEVILLA AEROPUERTO,SEVILLA,almendro,media,3500.0,0.9,0.8,3.99,0.0,7.3,21.9,14.6,0.9,30.0,3.59,3.99,13960.03,119.66,3
2024-04-10,5783,SEVILLA AEROPUERTO,SEVILLA,olivar,media,3500.0,0.9,0.8,4.4,0.0,9.4,24.6,17.0,0.7,8.0,3.08,3.42,11970.11,27.36,1
2024-04-10,5783,SEVILLA AEROPUERTO,SEVILLA,citricos,media,3500.0,0.9,0.8,4.4,0.0,9.4,24.6,17.0,0.75,20.0,3.3,3.66,12825.12,73.29,2
2024-04-10,5783,SEVILLA AEROPUERTO,SEVILLA,almendro,media,3500.0,0.9,0.8,4.4,0.0,9.4,24.6,17.0,0.9,30.0,3.96,4.4,15390.14,131.92,3
2024-04-11,5783,SEVILLA AEROPUERTO,SEVILLA,olivar,media,3500.0,0.9,0.8,4.91,0.0,12.9,28.3,20.6,0.7,8.0,3.44,3.82,13372.77,30.57,1
2024-04-11,5783,SEVILLA AEROPUERTO,SEVILLA,citricos,media,3500.0,0.9,0.8,4.91,0.0,12.9,28.3,20.6,0.75,20.0,3.68,4.09,14327.96,81.87,2
2024-04-11,5783,SEVILLA AEROPUERTO,SEVILLA,almendro,media,3500.0,0.9,0.8,4.91,0.0,12.9,28.3,20.6,0.9,30.0,4.42,4.91,17193.56,147.37,3
2024-04-12,5783,SEVILLA AEROPUERTO,SEVILLA,olivar,media,3500.0,0.9,0.8,4.84,0.0,10.6,26.9,18.8,0.7,8.0,3.39,3.76,13170.42,30.1,1
2024-04-12,5783,SEVILLA AEROPUERTO,SEVILLA,citricos,media,3500.0,0.9,0.8,4.84,0.0,10.6,26.9,18.8,0.75,20.0,3.63,4.03,14111.16,80.64,2
2024-04-12,5783,SEVILLA AEROPUERTO,SEVILLA,almendro,media,3500.0,0.9,0.8,4.84,0.0,10.6,26.9,18.8,0.9,30.0,4.35,4.84,16933.39,145.14,3
2024-04-13,5783,SEVILLA AEROPUERTO,SEVILLA,olivar,media,3500.0,0.9,0.8,5.09,0.0,11.3,28.2,19.8,0.7,8.0,3.56,3.96,13855.31,31.67,1
2024-04-13,5783,SEVILLA AEROPUERTO,SEVILLA,citricos,media,3500.0,0.9,0.8,5.09,0.0,11.3,28.2,19.8,0.75,20.0,3.82,4.24,14844.98,84.83,2
2024-04-13,5783,SEVILLA AEROPUERTO,SEVILLA,almendro,media,3500.0,0.9,0.8,5.09,0.0,11.3,28.2,19.8,0.9,30.0,4.58,5.09,17813.97,152.69,3
2024-04-14,5783,SEVILLA AEROPUERTO,SEVILLA,olivar,media,3500.0,0.9,0.8,5.15,0.0,11.5,28.4,20.0,0.7,8.0,3.6,4.0,14006.33,32.01,1
2024-04-14,5783,SEVILLA AEROPUERTO,SEVILLA,citricos,media,3500.0,0.9,0.8,5.15,0.0,11.5,28.4,20.0,0.75,20.0,3.86,4.29,15006.78,85.75,2
2024-04-14,5783,SEVILLA AEROPUERTO,SEVILLA,almendro,media,3500.0,0.9,0.8,5.15,0.0,11.5,28.4,20.0,0.9,30.0,4.63,5.15,18008.13,154.36,3
2024-04-15,5783,SEVILLA AEROPUERTO,SEVILLA,olivar,media,3500.0,0.9,0.8,5.56,0.0,11.6,30.2,20.9,0.7,8.0,3.89,4.33,15145.67,34.62,1
2024-04-15,5783,SEVILLA AEROPUERTO,SEVILLA,citricos,media,3500.0,0.9,0.8,5.56,0.0,11.6,30.2,20.9,0.75,20.0,4.17,4.64,16227.51,92.73,2
2024-04-15,5783,SEVILLA AEROPUERTO,SEVILLA,almendro,media,3500.0,0.9,0.8,5.56,0.0,11.6,30.2,20.9,0.9,30.0,5.01,5.56,19473.01,166.91,3
2024-04-16,5783,SEVILLA AEROPUERTO,SEVILLA,olivar,media,3500.0,0.9,0.8,5.7,0.0,13.6,31.4,22.5,0.7,8.0,3.99,4.43,15511.36,35.45,1
2024-04-16,5783,SEVILLA AEROPUERTO,SEVILLA,citricos,media,3500.0,0.9,0.8,5.7,0.0,13.6,31.4,22.5,0.75,20.0,4.27,4.75,16619.32,94.97,2
2024-04-16,5783,SEVILLA AEROPUERTO,SEVILLA,almendro,media,3500.0,0.9,0.8,5.7,0.0,13.6,31.4,22.5,0.9,30.0,5.13,5.7,19943.18,170.94,3
2024-04-17,5783,SEVILLA AEROPUERTO,SEVILLA,olivar,media,3500.0,0.9,0.8,5.2,0.0,13.5,29.1,21.3,0.7,8.0,3.64,4.05,14162.64,32.37,1
2024-04-17,5783,SEVILLA AEROPUERTO,SEVILLA,citricos,media,3500.0,0.9,0.8,5.2,0.0,13.5,29.1,21.3,0.75,20.0,3.9,4.34,15174.26,86.71,2
2024-04-17,5783,SEVILLA AEROPUERTO,SEVILLA,almendro,media,3500.0,0.9,0.8,5.2,0.0,13.5,29.1,21.3,0.9,30.0,4.68,5.2,18209.11,156.08,3
2024-04-18,5783,SEVILLA AEROPUERTO,SEVILLA,olivar,media,3500.0,0.9,0.8,4.05,0.0,15.5,25.3,20.4,0.7,8.0,2.83,3.15,11023.23,25.2,1
2024-04-18,5783,SEVILLA AEROPUERTO,SEVILLA,citricos,media,3500.0,0.9,0.8,4.05,0.0,15.5,25.3,20.4,0.75,20.0,3.04,3.37,11810.6,67.49,2
2024-04-18,5783,SEVILLA AEROPUERTO,SEVILLA,almendro,media,3500.0,0.9,0.8,4.05,0.0,15.5,25.3,20.4,0.9,30.0,3.64,4.05,14172.72,121.48,3
2024-04-19,5783,SEVILLA AEROPUERTO,SEVILLA,olivar,media,3500.0,0.9,0.8,4.72,0.0,12.8,26.5,19.6,0.7,8.0,3.3,3.67,12841.88,29.35,1
2024-04-19,5783,SEVILLA AEROPUERTO,SEVILLA,citricos,media,3500.0,0.9,0.8,4.72,0.0,12.8,26.5,19.6,0.75,20.0,3.54,3.93,13759.16,78.62,2
2024-04-19,5783,SEVILLA AEROPUERTO,SEVILLA,almendro,media,3500.0,0.9,0.8,4.72,0.0,12.8,26.5,19.6,0.9,30.0,4.25,4.72,16510.99,141.52,3
2024-04-20,5783,SEVILLA AEROPUERTO,SEVILLA,olivar,media,3500.0,0.9,0.8,3.61,0.0,13.4,22.2,17.8,0.7,8.0,2.53,2.81,9832.16,22.47,1
2024-04-20,5783,SEVILLA AEROPUERTO,SEVILLA,citricos,media,3500.0,0.9,0.8,3.61,0.0,13.4,22.2,17.8,0.75,20.0,2.71,3.01,10534.46,60.2,2
2024-04-20,5783,SEVILLA AEROPUERTO,SEVILLA,almendro,media,3500.0,0.9,0.8,3.61,0.0,13.4,22.2,17.8,0.9,30.0,3.25,3.61,12641.35,108.35,3
2024-04-21,5783,SEVILLA AEROPUERTO,SEVILLA,olivar,media,3500.0,0.9,0.8,4.57,0.0,12.2,25.4,18.8,0.7,8.0,3.2,3.55,12440.12,28.43,1
2024-04-21,5783,SEVILLA AEROPUERTO,SEVILLA,citricos,media,3500.0,0.9,0.8,4.57,0.0,12.2,25.4,18.8,0.75,20.0,3.43,3.81,13328.69,76.16,2
2024-04-21,5783,SEVILLA AEROPUERTO,SEVILLA,almendro,media,3500.0,0.9,0.8,4.57,0.0,12.2,25.4,18.8,0.9,30.0,4.11,4.57,15994.43,137.1,3
2024-04-22,5783,SEVILLA AEROPUERTO,SEVILLA,olivar,media,3500.0,0.9,0.8,5.05,0.0,12.8,27.6,20.2,0.7,8.0,3.53,3.93,13741.27,31.41,1
2024-04-22,5783,SEVILLA AEROPUERTO,SEVILLA,citricos,media,3500.0,0.9,0.8,5.05,0.0,12.8,27.6,20.2,0.75,20.0,3.79,4.21,14722.79,84.13,2
2024-04-22,5783,SEVILLA AEROPUERTO,SEVILLA,almendro,media,3500.0,0.9,0.8,5.05,0.0,12.8,27.6,20.2,0.9,30.0,4.54,5.05,17667.35,151.43,3
2024-04-23,5783,SEVILLA AEROPUERTO,SEVILLA,olivar,media,3500.0,0.9,0.8,4.77,0.0,9.4,24.9,17.2,0.7,8.0,3.34,3.71,12993.9,29.7,1
2024-04-23,5783,SEVILLA AEROPUERTO,SEVILLA,citricos,media,3500.0,0.9,0.8,4.77,0.0,9.4,24.9,17.2,0.75,20.0,3.58,3.98,13922.04,79.55,2
2024-04-23,5783,SEVILLA AEROPUERTO,SEVILLA,almendro,media,3500.0,0.9,0.8,4.77,0.0,9.4,24.9,17.2,0.9,30.0,4.3,4.77,16706.44,143.2,3
2024-04-24,5783,SEVILLA AEROPUERTO,SEVILLA,olivar,media,3500.0,0.9,0.8,4.97,0.0,8.0,25.2,16.6,0.7,8.0,3.48,3.87,13533.84,30.93,1
2024-04-24,5783,SEVILLA AEROPUERTO,SEVILLA,citricos,media,3500.0,0.9,0.8,4.97,0.0,8.0,25.2,16.6,0.75,20.0,3.73,4.14,14500.55,82.86,2
2024-04-24,5783,SEVILLA AEROPUERTO,SEVILLA,almendro,media,3500.0,0.9,0.8,4.97,0.0,8.0,25.2,16.6,0.9,30.0,4.47,4.97,17400.66,149.15,3
2024-04-25,5783,SEVILLA AEROPUERTO,SEVILLA,olivar,media,3500.0,0.9,0.8,5.02,0.0,9.4,25.8,17.6,0.7,8.0,3.51,3.9,13660.1,31.22,1
2024-04-25,5783,SEVILLA AEROPUERTO,SEVILLA,citricos,media,3500.0,0.9,0.8,5.02,0.0,9.4,25.8,17.6,0.75,20.0,3.76,4.18,14635.82,83.63,2
2024-04-25,5783,SEVILLA AEROPUERTO,SEVILLA,almendro,media,3500.0,0.9,0.8,5.02,0.0,9.4,25.8,17.6,0.9,30.0,4.52,5.02,17562.99,150.54,3
2024-04-26,5783,SEVILLA AEROPUERTO,SEVILLA,olivar,media,3500.0,0.9,0.8,3.96,1.3,8.9,20.8,14.8,0.7,8.0,2.77,1.92,6734.45,15.39,1
2024-04-26,5783,SEVILLA AEROPUERTO,SEVILLA,citricos,media,3500.0,0.9,0.8,3.96,1.3,8.9,20.8,14.8,0.75,20.0,2.97,2.14,7504.37,42.88,2
2024-04-26,5783,SEVILLA AEROPUERTO,SEVILLA,almendro,media,3500.0,0.9,0.8,3.96,1.3,8.9,20.8,14.8,0.9,30.0,3.56,2.8,9814.13,84.12,3
2024-04-27,5783,SEVILLA AEROPUERTO,SEVILLA,olivar,media,3500.0,0.9,0.8,3.66,0.0,11.5,20.8,16.2,0.7,8.0,2.56,2.84,9950.53,22.74,1
2024-04-27,5783,SEVILLA AEROPUERTO,SEVILLA,citricos,media,3500.0,0.9,0.8,3.66,0.0,11.5,20.8,16.2,0.75,20.0,2.74,3.05,10661.28,60.92,2
2024-04-27,5783,SEVILLA AEROPUERTO,SEVILLA,almendro,media,3500.0,0.9,0.8,3.66,0.0,11.5,20.8,16.2,0.9,30.0,3.29,3.66,12793.54,109.66,3
2024-04-28,5783,SEVILLA AEROPUERTO,SEVILLA,olivar,media,3500.0,0.9,0.8,4.3,0.0,8.3,21.9,15.1,0.7,8.0,3.01,3.35,11709.46,26.76,1
2024-04-28,5783,SEVILLA AEROPUERTO,SEVILLA,citricos,media,3500.0,0.9,0.8,4.3,0.0,8.3,21.9,15.1,0.75,20.0,3.23,3.58,12545.85,71.69,2
2024-04-28,5783,SEVILLA AEROPUERTO,SEVILLA,almendro,media,3500.0,0.9,0.8,4.3,0.0,8.3,21.9,15.1,0.9,30.0,3.87,4.3,15055.02,129.04,3
2024-04-29,5783,SEVILLA AEROPUERTO,SEVILLA,olivar,media,3500.0,0.9,0.8,4.58,1.1,8.9,23.3,16.1,0.7,8.0,3.21,2.58,9043.52,20.67,1
2024-04-29,5783,SEVILLA AEROPUERTO,SEVILLA,citricos,media,3500.0,0.9,0.8,4.58,1.1,8.9,23.3,16.1,0.75,20.0,3.43,2.84,9933.93,56.77,2
2024-04-29,5783,SEVILLA AEROPUERTO,SEVILLA,almendro,media,3500.0,0.9,0.8,4.58,1.1,8.9,23.3,16.1,0.9,30.0,4.12,3.6,12605.16,108.04,3
2024-04-30,5783,SEVILLA AEROPUERTO,SEVILLA,olivar,media,3500.0,0.9,0.8,4.01,5.4,8.4,20.5,14.4,0.7,8.0,2.81,0.0,0.0,0.0,1
2024-04-30,5783,SEVILLA AEROPUERTO,SEVILLA,citricos,media,3500.0,0.9,0.8,4.01,5.4,8.4,20.5,14.4,0.75,20.0,3.01,0.0,0.0,0.0,2
2024-04-30,5783,SEVILLA AEROPUERTO,SEVILLA,almendro,media,3500.0,0.9,0.8,4.01,5.4,8.4,20.5,14.4,0.9,30.0,3.61,0.0,0.0,0.0,3
2024-05-01,5783,SEVILLA AEROPUERTO,SEVILLA,olivar,media,3500.0,0.9,0.8,4.02,0.0,9.3,20.9,15.1,0.7,8.0,2.81,3.13,10943.9,25.01,1
2024-05-01,5783,SEVILLA AEROPUERTO,SEVILLA,citricos,media,3500.0,0.9,0.8,4.02,0.0,9.3,20.9,15.1,0.75,20.0,3.02,3.35,11725.61,67.0,2
2024-05-01,5783,SEVILLA AEROPUERTO,SEVILLA,almendro,media,3500.0,0.9,0.8,4.02,0.0,9.3,20.9,15.1,0.9,30.0,3.62,4.02,14070.73,120.61,3
2024-05-02,5783,SEVILLA AEROPUERTO,SEVILLA,olivar,media,3500.0,0.9,0.8,4.39,0.0,5.4,20.9,13.2,0.7,8.0,3.07,3.41,11945.9,27.3,1
2024-05-02,5783,SEVILLA AEROPUERTO,SEVILLA,citricos,media,3500.0,0.9,0.8,4.39,0.0,5.4,20.9,13.2,0.75,20.0,3.29,3.66,12799.17,73.14,2
2024-05-02,5783,SEVILLA AEROPUERTO,SEVILLA,almendro,media,3500.0,0.9,0.8,4.39,0.0,5.4,20.9,13.2,0.9,30.0,3.95,4.39,15359.01,131.65,3
2024-05-03,5783,SEVILLA AEROPUERTO,SEVILLA,olivar,media,3500.0,0.9,0.8,5.04,0.0,8.3,24.8,16.6,0.7,8.0,3.53,3.92,13729.86,31.38,1
2024-05-03,5783,SEVILLA AEROPUERTO,SEVILLA,citricos,media,3500.0,0.9,0.8,5.04,0.0,8.3,24.8,16.6,0.75,20.0,3.78,4.2,14710.57,84.06,2
2024-05-03,5783,SEVILLA AEROPUERTO,SEVILLA,almendro,media,3500.0,0.9,0.8,5.04,0.0,8.3,24.8,16.6,0.9,30.0,4.54,5.04,17652.68,151.31,3
2024-05-04,5783,SEVILLA AEROPUERTO,SEVILLA,olivar,media,3500.0,0.9,0.8,5.84,0.0,8.9,28.4,18.6,0.7,8.0,4.09,4.54,15895.65,36.33,1
2024-05-04,5783,SEVILLA AEROPUERTO,SEVILLA,citricos,media,3500.0,0.9,0.8,5.84,0.0,8.9,28.4,18.6,0.75,20.0,4.38,4.87,17031.05,97.32,2
2024-05-04,5783,SEVILLA AEROPUERTO,SEVILLA,almendro,media,3500.0,0.9,0.8,5.84,0.0,8.9,28.4,18.6,0.9,30.0,5.26,5.84,20437.26,175.18,3
2024-05-05,5783,SEVILLA AEROPUERTO,SEVILLA,olivar,media,3500.0,0.9,0.8,5.13,0.0,11.8,26.4,19.1,0.7,8.0,3.59,3.99,13973.1,31.94,1
2024-05-05,5783,SEVILLA AEROPUERTO,SEVILLA,citricos,media,3500.0,0.9,0.8,5.13,0.0,11.8,26.4,19.1,0.75,20.0,3.85,4.28,14971.18,85.55,2
2024-05-05,5783,SEVILLA AEROPUERTO,SEVILLA,almendro,media,3500.0,0.9,0.8,5.13,0.0,11.8,26.4,19.1,0.9,30.0,4.62,5.13,17965.42,153.99,3
2024-05-06,5783,SEVILLA AEROPUERTO,SEVILLA,olivar,media,3500.0,0.9,0.8,5.24,0.0,13.9,27.7,20.8,0.7,8.0,3.67,4.07,14259.52,32.59,1
2024-05-06,5783,SEVILLA AEROPUERTO,SEVILLA,citricos,media,3500.0,0.9,0.8,5.24,0.0,13.9,27.7,20.8,0.75,20.0,3.93,4.37,15278.05,87.3,2
2024-05-06,5783,SEVILLA AEROPUERTO,SEVILLA,almendro,media,3500.0,0.9,0.8,5.24,0.0,13.9,27.7,20.8,0.9,30.0,4.71,5.24,18333.66,157.15,3
2024-05-07,5783,SEVILLA AEROPUERTO,SEVILLA,olivar,media,3500.0,0.9,0.8,6.03,0.0,10.9,29.6,20.2,0.7,8.0,4.22,4.69,16417.34,37.53,1
2024-05-07,5783,SEVILLA AEROPUERTO,SEVILLA,citricos,media,3500.0,0.9,0.8,6.03,0.0,10.9,29.6,20.2,0.75,20.0,4.52,5.03,17590.0,100.51,2
2024-05-07,5783,SEVILLA AEROPUERTO,SEVILLA,almendro,media,3500.0,0.9,0.8,6.03,0.0,10.9,29.6,20.2,0.9,30.0,5.43,6.03,21108.0,180.93,3
2024-05-08,5783,SEVILLA AEROPUERTO,SEVILLA,olivar,media,3500.0,0.9,0.8,6.01,0.0,14.5,30.8,22.6,0.7,8.0,4.2,4.67,16347.47,37.37,1
2024-05-08,5783,SEVILLA AEROPUERTO,SEVILLA,citricos,media,3500.0,0.9,0.8,6.01,0.0,14.5,30.8,22.6,0.75,20.0,4.5,5.0,17515.14,100.09,2
2024-05-08,5783,SEVILLA AEROPUERTO,SEVILLA,almendro,media,3500.0,0.9,0.8,6.01,0.0,14.5,30.8,22.6,0.9,30.0,5.4,6.01,21018.17,180.16,3
2024-05-09,5783,SEVILLA AEROPUERTO,SEVILLA,olivar,media,3500.0,0.9,0.8,6.47,0.0,11.4,31.4,21.4,0.7,8.0,4.53,5.03,17604.03,40.24,1
2024-05-09,5783,SEVILLA AEROPUERTO,SEVILLA,citricos,media,3500.0,0.9,0.8,6.47,0.0,11.4,31.4,21.4,0.75,20.0,4.85,5.39,18861.46,107.78,2
2024-05-09,5783,SEVILLA AEROPUERTO,SEVILLA,almendro,media,3500.0,0.9,0.8,6.47,0.0,11.4,31.4,21.4,0.9,30.0,5.82,6.47,22633.75,194.0,3
2024-05-10,5783,SEVILLA AEROPUERTO,SEVILLA,olivar,media,3500.0,0.9,0.8,6.77,0.0,11.9,32.7,22.3,0.7,8.0,4.74,5.26,18421.38,42.11,1
2024-05-10,5783,SEVILLA AEROPUERTO,SEVILLA,citricos,media,3500.0,0.9,0.8,6.77,0.0,11.9,32.7,22.3,0.75,20.0,5.08,5.64,19737.19,112.78,2
2024-05-10,5783,SEVILLA AEROPUERTO,SEVILLA,almendro,media,3500.0,0.9,0.8,6.77,0.0,11.9,32.7,22.3,0.9,30.0,6.09,6.77,23684.63,203.01,3
2024-05-11,5783,SEVILLA AEROPUERTO,SEVILLA,olivar,media,3500.0,0.9,0.8,6.38,0.0,12.6,31.3,22.0,0.7,8.0,4.47,4.96,17366.07,39.69,1
2024-05-11,5783,SEVILLA AEROPUERTO,SEVILLA,citricos,media,3500.0,0.9,0.8,6.38,0.0,12.6,31.3,22.0,0.75,20.0,4.78,5.32,18606.51,106.32,2
2024-05-11,5783,SEVILLA AEROPUERTO,SEVILLA,almendro,media,3500.0,0.9,0.8,6.38,0.0,12.6,31.3,22.0,0.9,30.0,5.74,6.38,22327.81,191.38,3
2024-05-12,5783,SEVILLA AEROPUERTO,SEVILLA,olivar,media,3500.0,0.9,0.8,6.13,0.0,13.8,30.7,22.2,0.7,8.0,4.29,4.77,16682.07,38.13,1
2024-05-12,5783,SEVILLA AEROPUERTO,SEVILLA,citricos,media,3500.0,0.9,0.8,6.13,0.0,13.8,30.7,22.2,0.75,20.0,4.6,5.11,17873.65,102.14,2
2024-05-12,5783,SEVILLA AEROPUERTO,SEVILLA,almendro,media,3500.0,0.9,0.8,6.13,0.0,13.8,30.7,22.2,0.9,30.0,5.52,6.13,21448.38,183.84,3
2024-05-13,5783,SEVILLA AEROPUERTO,SEVILLA,olivar,media,3500.0,0.9,0.8,6.07,0.0,14.7,30.8,22.8,0.7,8.0,4.25,4.72,16532.23,37.79,1
2024-05-13,5783,SEVILLA AEROPUERTO,SEVILLA,citricos,media,3500.0,0.9,0.8,6.07,0.0,14.7,30.8,22.8,0.75,20.0,4.55,5.06,17713.1,101.22,2
2024-05-13,5783,SEVILLA AEROPUERTO,SEVILLA,almendro,media,3500.0,0.9,0.8,6.07,0.0,14.7,30.8,22.8,0.9,30.0,5.47,6.07,21255.72,182.19,3
2024-05-14,5783,SEVILLA AEROPUERTO,SEVILLA,olivar,media,3500.0,0.9,0.8,4.94,0.0,13.3,25.8,19.6,0.7,8.0,3.46,3.84,13454.26,30.75,1
2024-05-14,5783,SEVILLA AEROPUERTO,SEVILLA,citricos,media,3500.0,0.9,0.8,4.94,0.0,13.3,25.8,19.6,0.75,20.0,3.71,4.12,14415.28,82.37,2
2024-05-14,5783,SEVILLA AEROPUERTO,SEVILLA,almendro,media,3500.0,0.9,0.8,4.94,0.0,13.3,25.8,19.6,0.9,30.0,4.45,4.94,17298.34,148.27,3
2024-05-15,5783,SEVILLA AEROPUERTO,SEVILLA,olivar,media,3500.0,0.9,0.8,5.12,0.0,10.6,25.2,17.9,0.7,8.0,3.58,3.98,13935.07,31.85,1
2024-05-15,5783,SEVILLA AEROPUERTO,SEVILLA,citricos,media,3500.0,0.9,0.8,5.12,0.0,10.6,25.2,17.9,0.75,20.0,3.84,4.27,14930.43,85.32,2
2024-05-15,5783,SEVILLA AEROPUERTO,SEVILLA,almendro,media,3500.0,0.9,0.8,5.12,0.0,10.6,25.2,17.9,0.9,30.0,4.61,5.12,17916.52,153.57,3
2024-05-16,5783,SEVILLA AEROPUERTO,SEVILLA,olivar,media,3500.0,0.9,0.8,5.18,0.0,9.1,24.8,17.0,0.7,8.0,3.63,4.03,14102.08,32.23,1
2024-05-16,5783,SEVILLA AEROPUERTO,SEVILLA,citricos,media,3500.0,0.9,0.8,5.18,0.0,9.1,24.8,17.0,0.75,20.0,3.89,4.32,15109.38,86.34,2
2024-05-16,5783,SEVILLA AEROPUERTO,SEVILLA,almendro,media,3500.0,0.9,0.8,5.18,0.0,9.1,24.8,17.0,0.9,30.0,4.66,5.18,18131.25,155.41,3
2024-05-17,5783,SEVILLA AEROPUERTO,SEVILLA,olivar,media,3500.0,0.9,0.8,4.88,0.0,14.0,25.8,19.9,0.7,8.0,3.42,3.8,13296.56,30.39,1
2024-05-17,5783,SEVILLA AEROPUERTO,SEVILLA,citricos,media,3500.0,0.9,0.8,4.88,0.0,14.0,25.8,19.9,0.75,20.0,3.66,4.07,14246.31,81.41,2
2024-05-17,5783,SEVILLA AEROPUERTO,SEVILLA,almendro,media,3500.0,0.9,0.8,4.88,0.0,14.0,25.8,19.9,0.9,30.0,4.4,4.88,17095.58,146.53,3
2024-05-18,5783,SEVILLA AEROPUERTO,SEVILLA,olivar,media,3500.0,0.9,0.8,5.74,0.0,10.2,27.4,18.8,0.7,8.0,4.02,4.46,15622.29,35.71,1
2024-05-18,5783,SEVILLA AEROPUERTO,SEVILLA,citricos,media,3500.0,0.9,0.8,5.74,0.0,10.2,27.4,18.8,0.75,20.0,4.3,4.78,16738.17,95.65,2
2024-05-18,5783,SEVILLA AEROPUERTO,SEVILLA,almendro,media,3500.0,0.9,0.8,5.74,0.0,10.2,27.4,18.8,0.9,30.0,5.16,5.74,20085.81,172.16,3
2024-05-19,5783,SEVILLA AEROPUERTO,SEVILLA,olivar,media,3500.0,0.9,0.8,5.43,0.0,10.7,26.3,18.5,0.7,8.0,3.8,4.23,14790.25,33.81,1
2024-05-19,5783,SEVILLA AEROPUERTO,SEVILLA,citricos,media,3500.0,0.9,0.8,5.43,0.0,10.7,26.3,18.5,0.75,20.0,4.07,4.53,15846.7,90.55,2
2024-05-19,5783,SEVILLA AEROPUERTO,SEVILLA,almendro,media,3500.0,0.9,0.8,5.43,0.0,10.7,26.3,18.5,0.9,30.0,4.89,5.43,19016.04,162.99,3
2024-05-20,5783,SEVILLA AEROPUERTO,SEVILLA,olivar,media,3500.0,0.9,0.8,5.33,0.0,11.6,26.2,18.9,0.7,8.0,3.73,4.14,14498.43,33.14,1
2024-05-20,5783,SEVILLA AEROPUERTO,SEVILLA,citricos,media,3500.0,0.9,0.8,5.33,0.0,11.6,26.2,18.9,0.75,20.0,3.99,4.44,15534.04,88.77,2
2024-05-20,5783,SEVILLA AEROPUERTO,SEVILLA,almendro,media,3500.0,0.9,0.8,5.33,0.0,11.6,26.2,18.9,0.9,30.0,4.79,5.33,18640.84,159.78,3
2024-05-21,5783,SEVILLA AEROPUERTO,SEVILLA,olivar,media,3500.0,0.9,0.8,5.49,0.0,10.9,26.5,18.7,0.7,8.0,3.84,4.27,14937.26,34.14,1
2024-05-21,5783,SEVILLA AEROPUERTO,SEVILLA,citricos,media,3500.0,0.9,0.8,5.49,0.0,10.9,26.5,18.7,0.75,20.0,4.12,4.57,16004.2,91.45,2
2024-05-21,5783,SEVILLA AEROPUERTO,SEVILLA,almendro,media,3500.0,0.9,0.8,5.49,0.0,10.9,26.5,18.7,0.9,30.0,4.94,5.49,19205.05,164.61,3
2024-05-22,5783,SEVILLA AEROPUERTO,SEVILLA,olivar,media,3500.0,0.9,0.8,6.24,0.0,11.0,29.5,20.2,0.7,8.0,4.37,4.86,16992.55,38.84,1
2024-05-22,5783,SEVILLA AEROPUERTO,SEVILLA,citricos,media,3500.0,0.9,0.8,6.24,0.0,11.0,29.5,20.2,0.75,20.0,4.68,5.2,18206.31,104.04,2
2024-05-22,5783,SEVILLA AEROPUERTO,SEVILLA,almendro,media,3500.0,0.9,0.8,6.24,0.0,11.0,29.5,20.2,0.9,30.0,5.62,6.24,21847.57,187.26,3
2024-05-23,5783,SEVILLA AEROPUERTO,SEVILLA,olivar,media,3500.0,0.9,0.8,6.42,0.0,14.1,31.3,22.7,0.7,8.0,4.49,4.99,17474.52,39.94,1
2024-05-23,5783,SEVILLA AEROPUERTO,SEVILLA,citricos,media,3500.0,0.9,0.8,6.42,0.0,14.1,31.3,22.7,0.75,20.0,4.81,5.35,18722.7,106.99,2
2024-05-23,5783,SEVILLA AEROPUERTO,SEVILLA,almendro,media,3500.0,0.9,0.8,6.42,0.0,14.1,31.3,22.7,0.9,30.0,5.78,6.42,22467.24,192.58,3
2024-05-24,5783,SEVILLA AEROPUERTO,SEVILLA,olivar,media,3500.0,0.9,0.8,6.92,0.0,13.2,32.8,23.0,0.7,8.0,4.84,5.38,18828.16,43.04,1
2024-05-24,5783,SEVILLA AEROPUERTO,SEVILLA,citricos,media,3500.0,0.9,0.8,6.92,0.0,13.2,32.8,23.0,0.75,20.0,5.19,5.76,20173.03,115.27,2
2024-05-24,5783,SEVILLA AEROPUERTO,SEVILLA,almendro,media,3500.0,0.9,0.8,6.92,0.0,13.2,32.8,23.0,0.9,30.0,6.22,6.92,24207.64,207.49,3
2024-05-25,5783,SEVILLA AEROPUERTO,SEVILLA,olivar,media,3500.0,0.9,0.8,6.87,0.0,15.1,33.3,24.2,0.7,8.0,4.81,5.35,18711.32,42.77,1
2024-05-25,5783,SEVILLA AEROPUERTO,SEVILLA,citricos,media,3500.0,0.9,0.8,6.87,0.0,15.1,33.3,24.2,0.75,20.0,5.16,5.73,20047.84,114.56,2
2024-05-25,5783,SEVILLA AEROPUERTO,SEVILLA,almendro,media,3500.0,0.9,0.8,6.87,0.0,15.1,33.3,24.2,0.9,30.0,6.19,6.87,24057.41,206.21,3
2024-05-26,5783,SEVILLA AEROPUERTO,SEVILLA,olivar,media,3500.0,0.9,0.8,7.06,0.0,15.2,34.0,24.6,0.7,8.0,4.95,5.49,19232.25,43.96,1
2024-05-26,5783,SEVILLA AEROPUERTO,SEVILLA,citricos,media,3500.0,0.9,0.8,7.06,0.0,15.2,34.0,24.6,0.75,20.0,5.3,5.89,20605.98,117.75,2
2024-05-26,5783,SEVILLA AEROPUERTO,SEVILLA,almendro,media,3500.0,0.9,0.8,7.06,0.0,15.2,34.0,24.6,0.9,30.0,6.36,7.06,24727.18,211.95,3
2024-05-27,5783,SEVILLA AEROPUERTO,SEVILLA,olivar,media,3500.0,0.9,0.8,6.87,0.0,16.8,33.9,25.4,0.7,8.0,4.81,5.34,18698.05,42.74,1
2024-05-27,5783,SEVILLA AEROPUERTO,SEVILLA,citricos,media,3500.0,0.9,0.8,6.87,0.0,16.8,33.9,25.4,0.75,20.0,5.15,5.72,20033.63,114.48,2
2024-05-27,5783,SEVILLA AEROPUERTO,SEVILLA,almendro,media,3500.0,0.9,0.8,6.87,0.0,16.8,33.9,25.4,0.9,30.0,6.18,6.87,24040.36,206.06,3
2024-05-28,5783,SEVILLA AEROPUERTO,SEVILLA,olivar,media,3500.0,0.9,0.8,7.48,0.0,13.3,34.8,24.0,0.7,8.0,5.24,5.82,20367.19,46.55,1
2024-05-28,5783,SEVILLA AEROPUERTO,SEVILLA,citricos,media,3500.0,0.9,0.8,7.48,0.0,13.3,34.8,24.0,0.75,20.0,5.61,6.23,21821.99,124.7,2
2024-05-28,5783,SEVILLA AEROPUERTO,SEVILLA,almendro,media,3500.0,0.9,0.8,7.48,0.0,13.3,34.8,24.0,0.9,30.0,6.73,7.48,26186.39,224.45,3
2024-05-29,5783,SEVILLA AEROPUERTO,SEVILLA,olivar,media,3500.0,0.9,0.8,7.79,0.0,17.0,37.2,27.1,0.7,8.0,5.45,6.06,21213.1,48.49,1
2024-05-29,5783,SEVILLA AEROPUERTO,SEVILLA,citricos,media,3500.0,0.9,0.8,7.79,0.0,17.0,37.2,27.1,0.75,20.0,5.84,6.49,22728.32,129.88,2
2024-05-29,5783,SEVILLA AEROPUERTO,SEVILLA,almendro,media,3500.0,0.9,0.8,7.79,0.0,17.0,37.2,27.1,0.9,30.0,7.01,7.79,27273.99,233.78,3
2024-05-30,5783,SEVILLA AEROPUERTO,SEVILLA,olivar,media,3500.0,0.9,0.8,8.21,0.0,18.0,39.0,28.5,0.7,8.0,5.74,6.38,22336.0,51.05,1
2024-05-30,5783,SEVILLA AEROPUERTO,SEVILLA,citricos,media,3500.0,0.9,0.8,8.21,0.0,18.0,39.0,28.5,0.75,20.0,6.15,6.84,23931.43,136.75,2
2024-05-30,5783,SEVILLA AEROPUERTO,SEVILLA,almendro,media,3500.0,0.9,0.8,8.21,0.0,18.0,39.0,28.5,0.9,30.0,7.38,8.21,28717.72,246.15,3
2024-05-31,5783,SEVILLA AEROPUERTO,SEVILLA,olivar,media,3500.0,0.9,0.8,7.66,0.0,18.6,37.3,28.0,0.7,8.0,5.36,5.96,20855.78,47.67,1
2024-05-31,5783,SEVILLA AEROPUERTO,SEVILLA,citricos,media,3500.0,0.9,0.8,7.66,0.0,18.6,37.3,28.0,0.75,20.0,5.75,6.38,22345.48,127.69,2
2024-05-31,5783,SEVILLA AEROPUERTO,SEVILLA,almendro,media,3500.0,0.9,0.8,7.66,0.0,18.6,37.3,28.0,0.9,30.0,6.9,7.66,26814.58,229.84,3
2024-06-01,5783,SEVILLA AEROPUERTO,SEVILLA,olivar,media,3500.0,0.9,0.8,6.93,0.0,18.5,34.7,26.6,0.7,8.0,4.85,5.39,18863.5,43.12,1
2024-06-01,5783,SEVILLA AEROPUERTO,SEVILLA,citricos,media,3500.0,0.9,0.8,6.93,0.0,18.5,34.7,26.6,0.75,20.0,5.2,5.77,20210.89,115.49,2
2024-06-01,5783,SEVILLA AEROPUERTO,SEVILLA,almendro,media,3500.0,0.9,0.8,6.93,0.0,18.5,34.7,26.6,0.9,30.0,6.24,6.93,24253.07,207.88,3
2024-06-02,5783,SEVILLA AEROPUERTO,SEVILLA,olivar,media,3500.0,0.9,0.8,6.36,0.0,19.4,33.2,26.3,0.7,8.0,4.45,4.95,17313.89,39.57,1
2024-06-02,5783,SEVILLA AEROPUERTO,SEVILLA,citricos,media,3500.0,0.9,0.8,6.36,0.0,19.4,33.2,26.3,0.75,20.0,4.77,5.3,18550.59,106.0,2
2024-06-02,5783,SEVILLA AEROPUERTO,SEVILLA,almendro,media,3500.0,0.9,0.8,6.36,0.0,19.4,33.2,26.3,0.9,30.0,5.72,6.36,22260.71,190.81,3
2024-06-03,5783,SEVILLA AEROPUERTO,SEVILLA,olivar,media,3500.0,0.9,0.8,6.67,0.0,18.8,33.9,26.4,0.7,8.0,4.67,5.19,18152.56,41.49,1
2024-06-03,5783,SEVILLA AEROPUERTO,SEVILLA,citricos,media,3500.0,0.9,0.8,6.67,0.0,18.8,33.9,26.4,0.75,20.0,5.0,5.56,19449.17,111.14,2
2024-06-03,5783,SEVILLA AEROPUERTO,SEVILLA,almendro,media,3500.0,0.9,0.8,6.67,0.0,18.8,33.9,26.4,0.9,30.0,6.0,6.67,23339.01,200.05,3
2024-06-04,5783,SEVILLA AEROPUERTO,SEVILLA,olivar,media,3500.0,0.9,0.8,6.39,0.0,17.7,32.4,25.0,0.7,8.0,4.47,4.97,17401.97,39.78,1
2024-06-04,5783,SEVILLA AEROPUERTO,SEVILLA,citricos,media,3500.0,0.9,0.8,6.39,0.0,17.7,32.4,25.0,0.75,20.0,4.79,5.33,18644.97,106.54,2
2024-06-04,5783,SEVILLA AEROPUERTO,SEVILLA,almendro,media,3500.0,0.9,0.8,6.39,0.0,17.7,32.4,25.0,0.9,30.0,5.75,6.39,22373.96,191.78,3
2024-06-05,5783,SEVILLA AEROPUERTO,SEVILLA,olivar,media,3500.0,0.9,0.8,7.4,0.0,16.6,35.4,26.0,0.7,8.0,5.18,5.75,20136.32,46.03,1
2024-06-05,5783,SEVILLA AEROPUERTO,SEVILLA,citricos,media,3500.0,0.9,0.8,7.4,0.0,16.6,35.4,26.0,0.75,20.0,5.55,6.16,21574.62,123.28,2
2024-06-05,5783,SEVILLA AEROPUERTO,SEVILLA,almendro,media,3500.0,0.9,0.8,7.4,0.0,16.6,35.4,26.0,0.9,30.0,6.66,7.4,25889.55,221.91,3
2024-06-06,5783,SEVILLA AEROPUERTO,SEVILLA,olivar,media,3500.0,0.9,0.8,7.94,0.0,19.6,38.5,29.0,0.7,8.0,5.56,6.18,21615.92,49.41,1
2024-06-06,5783,SEVILLA AEROPUERTO,SEVILLA,citricos,media,3500.0,0.9,0.8,7.94,0.0,19.6,38.5,29.0,0.75,20.0,5.96,6.62,23159.91,132.34,2
2024-06-06,5783,SEVILLA AEROPUERTO,SEVILLA,almendro,media,3500.0,0.9,0.8,7.94,0.0,19.6,38.5,29.0,0.9,30.0,7.15,7.94,27791.89,238.22,3
2024-06-07,5783,SEVILLA AEROPUERTO,SEVILLA,olivar,media,3500.0,0.9,0.8,4.55,0.2,19.4,27.4,23.4,0.7,8.0,3.18,3.36,11755.76,26.87,1
2024-06-07,5783,SEVILLA AEROPUERTO,SEVILLA,citricos,media,3500.0,0.9,0.8,4.55,0.2,19.4,27.4,23.4,0.75,20.0,3.41,3.61,12639.9,72.23,2
2024-06-07,5783,SEVILLA AEROPUERTO,SEVILLA,almendro,media,3500.0,0.9,0.8,4.55,0.2,19.4,27.4,23.4,0.9,30.0,4.09,4.37,15292.32,131.08,3
2024-06-08,5783,SEVILLA AEROPUERTO,SEVILLA,olivar,media,3500.0,0.9,0.8,4.45,0.0,17.9,26.1,22.0,0.7,8.0,3.12,3.46,12115.47,27.69,1
2024-06-08,5783,SEVILLA AEROPUERTO,SEVILLA,citricos,media,3500.0,0.9,0.8,4.45,0.0,17.9,26.1,22.0,0.75,20.0,3.34,3.71,12980.86,74.18,2
2024-06-08,5783,SEVILLA AEROPUERTO,SEVILLA,almendro,media,3500.0,0.9,0.8,4.45,0.0,17.9,26.1,22.0,0.9,30.0,4.01,4.45,15577.03,133.52,3
2024-06-09,5783,SEVILLA AEROPUERTO,SEVILLA,olivar,media,3500.0,0.9,0.8,4.21,0.0,17.8,25.3,21.6,0.7,8.0,2.95,3.28,11464.02,26.2,1
2024-06-09,5783,SEVILLA AEROPUERTO,SEVILLA,citricos,media,3500.0,0.9,0.8,4.21,0.0,17.8,25.3,21.6,0.75,20.0,3.16,3.51,12282.88,70.19,2
2024-06-09,5783,SEVILLA AEROPUERTO,SEVILLA,almendro,media,3500.0,0.9,0.8,4.21,0.0,17.8,25.3,21.6,0.9,30.0,3.79,4.21,14739.45,126.34,3
2024-06-10,5783,SEVILLA AEROPUERTO,SEVILLA,olivar,media,3500.0,0.9,0.8,5.23,0.0,17.5,28.3,22.9,0.7,8.0,3.66,4.07,14237.95,32.54,1
2024-06-10,5783,SEVILLA AEROPUERTO,SEVILLA,citricos,media,3500.0,0.9,0.8,5.23,0.0,17.5,28.3,22.9,0.75,20.0,3.92,4.36,15254.95,87.17,2
2024-06-10,5783,SEVILLA AEROPUERTO,SEVILLA,almendro,media,3500.0,0.9,0.8,5.23,0.0,17.5,28.3,22.9,0.9,30.0,4.71,5.23,18305.94,156.91,3
2024-06-11,5783,SEVILLA AEROPUERTO,SEVILLA,olivar,media,3500.0,0.9,0.8,5.38,4.2,17.2,28.6,22.9,0.7,8.0,3.76,0.45,1569.81,3.59,1
2024-06-11,5783,SEVILLA AEROPUERTO,SEVILLA,citricos,media,3500.0,0.9,0.8,5.38,4.2,17.2,28.6,22.9,0.75,20.0,4.03,0.75,2615.27,14.94,2
2024-06-11,5783,SEVILLA AEROPUERTO,SEVILLA,almendro,media,3500.0,0.9,0.8,5.38,4.2,17.2,28.6,22.9,0.9,30.0,4.84,1.64,5751.66,49.3,3
2024-06-12,5783,SEVILLA AEROPUERTO,SEVILLA,olivar,media,3500.0,0.9,0.8,5.48,0.0,18.2,29.5,23.8,0.7,8.0,3.84,4.26,14919.73,34.1,1
2024-06-12,5783,SEVILLA AEROPUERTO,SEVILLA,citricos,media,3500.0,0.9,0.8,5.48,0.0,18.2,29.5,23.8,0.75,20.0,4.11,4.57,15985.43,91.35,2
2024-06-12,5783,SEVILLA AEROPUERTO,SEVILLA,almendro,media,3500.0,0.9,0.8,5.48,0.0,18.2,29.5,23.8,0.9,30.0,4.93,5.48,19182.51,164.42,3
2024-06-13,5783,SEVILLA AEROPUERTO,SEVILLA,olivar,media,3500.0,0.9,0.8,7.13,0.0,15.1,33.7,24.4,0.7,8.0,4.99,5.54,19402.68,44.35,1
2024-06-13,5783,SEVILLA AEROPUERTO,SEVILLA,citricos,media,3500.0,0.9,0.8,7.13,0.0,15.1,33.7,24.4,0.75,20.0,5.35,5.94,20788.58,118.79,2
2024-06-13,5783,SEVILLA AEROPUERTO,SEVILLA,almendro,media,3500.0,0.9,0.8,7.13,0.0,15.1,33.7,24.4,0.9,30.0,6.41,7.13,24946.3,213.83,3
2024-06-14,5783,SEVILLA AEROPUERTO,SEVILLA,olivar,media,3500.0,0.9,0.8,7.54,0.0,16.2,35.6,25.9,0.7,8.0,5.28,5.86,20527.21,46.92,1
2024-06-14,5783,SEVILLA AEROPUERTO,SEVILLA,citricos,media,3500.0,0.9,0.8,7.54,0.0,16.2,35.6,25.9,0.75,20.0,5.66,6.28,21993.44,125.68,2
2024-06-14,5783,SEVILLA AEROPUERTO,SEVILLA,almendro,media,3500.0,0.9,0.8,7.54,0.0,16.2,35.6,25.9,0.9,30.0,6.79,7.54,26392.13,226.22,3
2024-06-15,5783,SEVILLA AEROPUERTO,SEVILLA,olivar,media,3500.0,0.9,0.8,6.72,0.0,17.6,33.3,25.4,0.7,8.0,4.7,5.22,18281.32,41.79,1
2024-06-15,5783,SEVILLA AEROPUERTO,SEVILLA,citricos,media,3500.0,0.9,0.8,6.72,0.0,17.6,33.3,25.4,0.75,20.0,5.04,5.6,19587.12,111.93,2
2024-06-15,5783,SEVILLA AEROPUERTO,SEVILLA,almendro,media,3500.0,0.9,0.8,6.72,0.0,17.6,33.3,25.4,0.9,30.0,6.04,6.72,23504.55,201.47,3
2024-06-16,5783,SEVILLA AEROPUERTO,SEVILLA,olivar,media,3500.0,0.9,0.8,6.59,0.0,15.5,31.9,23.7,0.7,8.0,4.61,5.12,17932.24,40.99,1
2024-06-16,5783,SEVILLA AEROPUERTO,SEVILLA,citricos,media,3500.0,0.9,0.8,6.59,0.0,15.5,31.9,23.7,0.75,20.0,4.94,5.49,19213.11,109.79,2
2024-06-16,5783,SEVILLA AEROPUERTO,SEVILLA,almendro,media,3500.0,0.9,0.8,6.59,0.0,15.5,31.9,23.7,0.9,30.0,5.93,6.59,23055.73,197.62,3
2024-06-17,5783,SEVILLA AEROPUERTO,SEVILLA,olivar,media,3500.0,0.9,0.8,7.05,0.0,15.9,33.7,24.8,0.7,8.0,4.93,5.48,19179.89,43.84,1
2024-06-17,5783,SEVILLA AEROPUERTO,SEVILLA,citricos,media,3500.0,0.9,0.8,7.05,0.0,15.9,33.7,24.8,0.75,20.0,5.28,5.87,20549.88,117.43,2
2024-06-17,5783,SEVILLA AEROPUERTO,SEVILLA,almendro,media,3500.0,0.9,0.8,7.05,0.0,15.9,33.7,24.8,0.9,30.0,6.34,7.05,24659.85,211.37,3
2024-06-18,5783,SEVILLA AEROPUERTO,SEVILLA,olivar,media,3500.0,0.9,0.8,4.56,0.0,17.0,25.8,21.4,0.7,8.0,3.19,3.55,12410.38,28.37,1
2024-06-18,5783,SEVILLA AEROPUERTO,SEVILLA,citricos,media,3500.0,0.9,0.8,4.56,0.0,17.0,25.8,21.4,0.75,20.0,3.42,3.8,13296.83,75.98,2
2024-06-18,5783,SEVILLA AEROPUERTO,SEVILLA,almendro,media,3500.0,0.9,0.8,4.56,0.0,17.0,25.8,21.4,0.9,30.0,4.1,4.56,15956.2,136.77,3
2024-06-19,5783,SEVILLA AEROPUERTO,SEVILLA,olivar,media,3500.0,0.9,0.8,4.43,8.5,15.1,24.2,19.6,0.7,8.0,3.1,0.0,0.0,0.0,1
2024-06-19,5783,SEVILLA AEROPUERTO,SEVILLA,citricos,media,3500.0,0.9,0.8,4.43,8.5,15.1,24.2,19.6,0.75,20.0,3.32,0.0,0.0,0.0,2
2024-06-19,5783,SEVILLA AEROPUERTO,SEVILLA,almendro,media,3500.0,0.9,0.8,4.43,8.5,15.1,24.2,19.6,0.9,30.0,3.99,0.0,0.0,0.0,3
2024-06-20,5783,SEVILLA AEROPUERTO,SEVILLA,olivar,media,3500.0,0.9,0.8,5.49,0.0,13.2,26.9,20.0,0.7,8.0,3.84,4.27,14950.42,34.17,1
2024-06-20,5783,SEVILLA AEROPUERTO,SEVILLA,citricos,media,3500.0,0.9,0.8,5.49,0.0,13.2,26.9,20.0,0.75,20.0,4.12,4.58,16018.31,91.53,2
2024-06-20,5783,SEVILLA AEROPUERTO,SEVILLA,almendro,media,3500.0,0.9,0.8,5.49,0.0,13.2,26.9,20.0,0.9,30.0,4.94,5.49,19221.97,164.76,3
2024-06-21,5783,SEVILLA AEROPUERTO,SEVILLA,olivar,media,3500.0,0.9,0.8,7.12,0.0,13.9,33.2,23.6,0.7,8.0,4.98,5.54,19382.96,44.3,1
2024-06-21,5783,SEVILLA AEROPUERTO,SEVILLA,citricos,media,3500.0,0.9,0.8,7.12,0.0,13.9,33.2,23.6,0.75,20.0,5.34,5.93,20767.46,118.67,2
2024-06-21,5783,SEVILLA AEROPUERTO,SEVILLA,almendro,media,3500.0,0.9,0.8,7.12,0.0,13.9,33.2,23.6,0.9,30.0,6.41,7.12,24920.95,213.61,3
2024-06-22,5783,SEVILLA AEROPUERTO,SEVILLA,olivar,media,3500.0,0.9,0.8,8.06,0.0,16.1,37.4,26.8,0.7,8.0,5.64,6.27,21933.67,50.13,1
2024-06-22,5783,SEVILLA AEROPUERTO,SEVILLA,citricos,media,3500.0,0.9,0.8,8.06,0.0,16.1,37.4,26.8,0.75,20.0,6.04,6.71,23500.36,134.29,2
2024-06-22,5783,SEVILLA AEROPUERTO,SEVILLA,almendro,media,3500.0,0.9,0.8,8.06,0.0,16.1,37.4,26.8,0.9,30.0,7.25,8.06,28200.44,241.72,3
2024-06-23,5783,SEVILLA AEROPUERTO,SEVILLA,olivar,media,3500.0,0.9,0.8,8.27,0.0,18.1,38.9,28.5,0.7,8.0,5.79,6.43,22519.75,51.47,1
2024-06-23,5783,SEVILLA AEROPUERTO,SEVILLA,citricos,media,3500.0,0.9,0.8,8.27,0.0,18.1,38.9,28.5,0.75,20.0,6.2,6.89,24128.31,137.88,2
2024-06-23,5783,SEVILLA AEROPUERTO,SEVILLA,almendro,media,3500.0,0.9,0.8,8.27,0.0,18.1,38.9,28.5,0.9,30.0,7.45,8.27,28953.97,248.18,3
2024-06-24,5783,SEVILLA AEROPUERTO,SEVILLA,olivar,media,3500.0,0.9,0.8,7.67,0.0,19.7,37.5,28.6,0.7,8.0,5.37,5.96,20870.14,47.7,1
2024-06-24,5783,SEVILLA AEROPUERTO,SEVILLA,citricos,media,3500.0,0.9,0.8,7.67,0.0,19.7,37.5,28.6,0.75,20.0,5.75,6.39,22360.86,127.78,2
2024-06-24,5783,SEVILLA AEROPUERTO,SEVILLA,almendro,media,3500.0,0.9,0.8,7.67,0.0,19.7,37.5,28.6,0.9,30.0,6.9,7.67,26833.03,230.0,3
2024-06-25,5783,SEVILLA AEROPUERTO,SEVILLA,olivar,media,3500.0,0.9,0.8,6.97,0.0,21.5,36.1,28.8,0.7,8.0,4.88,5.42,18974.71,43.37,1
2024-06-25,5783,SEVILLA AEROPUERTO,SEVILLA,citricos,media,3500.0,0.9,0.8,6.97,0.0,21.5,36.1,28.8,0.75,20.0,5.23,5.81,20330.05,116.17,2
2024-06-25,5783,SEVILLA AEROPUERTO,SEVILLA,almendro,media,3500.0,0.9,0.8,6.97,0.0,21.5,36.1,28.8,0.9,30.0,6.27,6.97,24396.06,209.11,3
2024-06-26,5783,SEVILLA AEROPUERTO,SEVILLA,olivar,media,3500.0,0.9,0.8,4.87,0.0,19.5,28.4,24.0,0.7,8.0,3.41,3.79,13266.28,30.32,1
2024-06-26,5783,SEVILLA AEROPUERTO,SEVILLA,citricos,media,3500.0,0.9,0.8,4.87,0.0,19.5,28.4,24.0,0.75,20.0,3.65,4.06,14213.87,81.22,2
2024-06-26,5783,SEVILLA AEROPUERTO,SEVILLA,almendro,media,3500.0,0.9,0.8,4.87,0.0,19.5,28.4,24.0,0.9,30.0,4.39,4.87,17056.64,146.2,3
2024-06-27,5783,SEVILLA AEROPUERTO,SEVILLA,olivar,media,3500.0,0.9,0.8,4.84,0.0,18.1,27.4,22.8,0.7,8.0,3.38,3.76,13163.87,30.09,1
2024-06-27,5783,SEVILLA AEROPUERTO,SEVILLA,citricos,media,3500.0,0.9,0.8,4.84,0.0,18.1,27.4,22.8,0.75,20.0,3.63,4.03,14104.15,80.6,2
2024-06-27,5783,SEVILLA AEROPUERTO,SEVILLA,almendro,media,3500.0,0.9,0.8,4.84,0.0,18.1,27.4,22.8,0.9,30.0,4.35,4.84,16924.98,145.07,3
2024-06-28,5783,SEVILLA AEROPUERTO,SEVILLA,olivar,media,3500.0,0.9,0.8,4.83,0.2,15.6,25.9,20.8,0.7,8.0,3.38,3.58,12539.64,28.66,1
2024-06-28,5783,SEVILLA AEROPUERTO,SEVILLA,citricos,media,3500.0,0.9,0.8,4.83,0.2,15.6,25.9,20.8,0.75,20.0,3.63,3.85,13479.77,77.03,2
2024-06-28,5783,SEVILLA AEROPUERTO,SEVILLA,almendro,media,3500.0,0.9,0.8,4.83,0.2,15.6,25.9,20.8,0.9,30.0,4.35,4.66,16300.17,139.72,3
2024-06-29,5783,SEVILLA AEROPUERTO,SEVILLA,olivar,media,3500.0,0.9,0.8,4.23,0.0,19.0,26.2,22.6,0.7,8.0,2.96,3.29,11524.29,26.34,1
2024-06-29,5783,SEVILLA AEROPUERTO,SEVILLA,citricos,media,3500.0,0.9,0.8,4.23,0.0,19.0,26.2,22.6,0.75,20.0,3.18,3.53,12347.45,70.56,2
2024-06-29,5783,SEVILLA AEROPUERTO,SEVILLA,almendro,media,3500.0,0.9,0.8,4.23,0.0,19.0,26.2,22.6,0.9,30.0,3.81,4.23,14816.94,127.0,3
2024-06-30,5783,SEVILLA AEROPUERTO,SEVILLA,olivar,media,3500.0,0.9,0.8,6.47,0.0,15.3,31.5,23.4,0.7,8.0,4.53,5.03,17614.98,40.26,1
2024-06-30,5783,SEVILLA AEROPUERTO,SEVILLA,citricos,media,3500.0,0.9,0.8,6.47,0.0,15.3,31.5,23.4,0.75,20.0,4.85,5.39,18873.2,107.85,2
2024-06-30,5783,SEVILLA AEROPUERTO,SEVILLA,almendro,media,3500.0,0.9,0.8,6.47,0.0,15.3,31.5,23.4,0.9,30.0,5.82,6.47,22647.83,194.12,3
